,Name,POS,Age,HT,WT,Exp,College,Team
,Jacoby Brissett,QB,32,"6' 4""",235 lbs,9,NC State,ARI
,Kyler Murray1,QB,27,"5' 10""",207 lbs,6,Oklahoma,ARI
,Clayton Tune15,QB,26,"6' 3""",220 lbs,2,Houston,ARI
,Trey Benson33,RB,22,"6' 1""",223 lbs,R,Florida State,ARI
,Michael Carter22,RB,26,"5' 8""",201 lbs,4,North Carolina,ARI
,James Conner6,RB,30,"6' 1""",233 lbs,8,Pittsburgh,ARI
,DeeJay Dallas20,RB,26,"5' 10""",214 lbs,5,Miami,ARI
,Emari Demercado31,RB,26,"5' 9""",215 lbs,2,TCU,ARI
,Zonovan Knight,RB,24,"5' 10""",209 lbs,3,NC State,ARI
,Andre Baccellia82,WR,28,"5' 10""",175 lbs,2,Washington,ARI
,Greg Dortch4,WR,26,"5' 7""",175 lbs,4,Wake Forest,ARI
,Simi Fehoko,WR,27,"6' 4""",218 lbs,4,Stanford,ARI
,Bryson Green,WR,--,"6' 3""",213 lbs,R,Wisconsin,ARI
,Marvin Harrison Jr.18,WR,22,"6' 4""",205 lbs,R,Ohio State,ARI
,Trishton Jackson8,WR,27,"6' 1""",191 lbs,3,Syracuse,ARI
,Zay Jones17,WR,30,"6' 2""",200 lbs,8,East Carolina,ARI
,Tejhaun Palmer83,WR,24,"6' 2""",210 lbs,R,UAB,ARI
,Quez Watkins16,WR,26,"6' 0""",193 lbs,5,Southern Miss,ARI
,Xavier Weaver89,WR,24,"6' 1""",180 lbs,R,Colorado,ARI
,Michael Wilson14,WR,25,"6' 2""",213 lbs,2,Stanford,ARI
,Oscar Cardenas,TE,--,"6' 4""",265 lbs,R,UTSA,ARI
,Josiah Deguara,TE,28,"6' 2""",238 lbs,4,Cincinnati,ARI
,Elijah Higgins84,TE,24,"6' 3""",235 lbs,2,Stanford,ARI
,Trey McBride85,TE,25,"6' 4""",246 lbs,3,Colorado State,ARI
,Tip Reiman87,TE,23,"6' 4""",273 lbs,R,Illinois,ARI
,Travis Vokolek81,TE,26,"6' 6""",260 lbs,1,Nebraska,ARI
,Evan Brown62,C,28,"6' 3""",320 lbs,6,SMU,ARI
,Sincere Haynesworth,C,24,"6' 1""",300 lbs,R,Tulane,ARI
,Isaiah Adams74,G,24,"6' 4""",316 lbs,R,Illinois,ARI
,Hayden Conner,G,23,"6' 5""",320 lbs,R,Texas,ARI
,Hjalte Froholdt72,G,28,"6' 5""",310 lbs,6,Arkansas,ARI
,Jon Gaines II59,G,25,"6' 4""",303 lbs,2,UCLA,ARI
,Nick Leverett50,G,28,"6' 4""",310 lbs,4,Rice,ARI
,Royce Newman,G,27,"6' 5""",310 lbs,4,Ole Miss,ARI
,Jeremiah Byers,OL,--,"6' 4""",331 lbs,R,Miami,ARI
,Valentin Senn,OL,--,"6' 7""",305 lbs,R,UConn,ARI
,Kelvin Beachum68,OT,35,"6' 3""",308 lbs,13,SMU,ARI
,Jake Curhan73,OT,27,"6' 6""",316 lbs,4,California,ARI
,McClendon Curtis,OT,25,"6' 6""",325 lbs,2,Chattanooga,ARI
,Josh Fryar,OT,--,"6' 5""",320 lbs,R,Ohio State,ARI
,Paris Johnson Jr.70,OT,23,"6' 6""",313 lbs,2,Ohio State,ARI
,Christian Jones75,OT,25,"6' 5""",318 lbs,R,Texas,ARI
,Jonah Williams73,OT,27,"6' 5""",312 lbs,6,Alabama,ARI
,Kirk Cousins18,QB,36,"6' 3""",205 lbs,13,Michigan State,ATL
,Emory Jones11,QB,25,"6' 2""",211 lbs,R,Cincinnati,ATL
,Michael Penix Jr.9,QB,25,"6' 2""",216 lbs,R,Washington,ATL
,Easton Stick,QB,29,"6' 1""",224 lbs,6,North Dakota State,ATL
,Tyler Allgeier25,RB,25,"5' 11""",220 lbs,3,BYU,ATL
,Nate Carter,RB,--,"5' 10""",202 lbs,R,Michigan State,ATL
,Elijah Dotson,RB,26,"5' 9""",202 lbs,2,Northern Colorado,ATL
,Jase McClellan30,RB,22,"5' 11""",212 lbs,R,Alabama,ATL
,Bijan Robinson7,RB,23,"5' 11""",215 lbs,2,Texas,ATL
,Carlos Washington Jr.28,RB,26,"5' 11""",210 lbs,1,SE Louisiana,ATL
,Jamal Agnew,WR,30,"5' 10""",190 lbs,8,San Diego,ATL
,Chris Blair19,WR,27,"6' 2""",215 lbs,1,Alcorn State,ATL
,Dylan Drummond81,WR,25,"6' 0""",190 lbs,1,Eastern Michigan,ATL
,KhaDarel Hodge12,WR,30,"6' 2""",208 lbs,5,Prairie View A&M,ATL
,Drake London5,WR,23,"6' 4""",213 lbs,3,USC,ATL
,Jesse Matthews86,WR,25,"6' 0""",190 lbs,2,San Diego State,ATL
,Ray-Ray McCloud III34,WR,28,"5' 9""",190 lbs,7,Clemson,ATL
,Darnell Mooney1,WR,27,"5' 11""",177 lbs,5,Tulane,ATL
,Nick Nash,WR,--,"6' 3""",195 lbs,R,San José State,ATL
,Makai Polk,WR,23,"6' 3""",192 lbs,2,Mississippi State,ATL
,David Sills V84,WR,28,"6' 3""",211 lbs,3,West Virginia,ATL
,Quincy Skinner Jr.,WR,--,"6' 2""",205 lbs,R,Vanderbilt,ATL
,Casey Washington82,WR,24,"6' 0""",200 lbs,R,Illinois,ATL
,Feleipe Franks,TE,27,"6' 6""",228 lbs,5,Arkansas,ATL
,Nikola Kalinic,TE,28,"6' 4""",248 lbs,2,--,ATL
,Kyle Pitts8,TE,24,"6' 6""",246 lbs,4,Florida,ATL
,Teagan Quitoriano85,TE,25,"6' 6""",259 lbs,3,Oregon State,ATL
,Joshua Simon,TE,--,"6' 4""",259 lbs,R,South Carolina,ATL
,Charlie Woerner89,TE,27,"6' 5""",241 lbs,5,Georgia,ATL
,Matthew Cindric73,C,25,"6' 4""",295 lbs,R,California,ATL
,Matthew Bergeron65,G,25,"6' 5""",323 lbs,2,Syracuse,ATL
,Joey Fisher79,G,27,"6' 5""",322 lbs,1,Shepherd,ATL
,Joshua Gray,G,--,"6' 4""",310 lbs,R,Oregon State,ATL
,Jovaughn Gwyn56,G,26,"6' 2""",310 lbs,2,South Carolina,ATL
,Kyle Hinton68,G,27,"6' 2""",295 lbs,2,Washburn,ATL
,Chris Lindstrom63,G,28,"6' 3""",307 lbs,6,Boston College,ATL
,Ryan Neuzil64,G,27,"6' 3""",301 lbs,3,App State,ATL
,Jake Matthews70,OT,33,"6' 5""",309 lbs,11,Texas A&M,ATL
,Kaleb McGary76,OT,30,"6' 6""",306 lbs,5,Washington,ATL
,Jack Nelson69,OT,23,"6' 7""",316 lbs,R,Wisconsin,ATL
,Storm Norton77,OT,30,"6' 7""",317 lbs,5,Toledo,ATL
,Brandon Parker75,OT,29,"6' 7""",305 lbs,7,North Carolina A&T,ATL
,Tyrone Wheatley Jr.74,OT,28,"6' 6""",320 lbs,2,Morgan State,ATL
,Elijah Wilkinson71,OT,30,"6' 4""",329 lbs,8,Massachusetts,ATL
,Jordan Williams,OT,--,"6' 6""",315 lbs,R,Georgia Tech,ATL
,Kilian Zierer77,OT,27,"6' 7""",312 lbs,2,Auburn,ATL
,Lamar Jackson8,QB,28,"6' 2""",205 lbs,7,Louisville,BAL
,Devin Leary13,QB,25,"6' 1""",216 lbs,R,Kentucky,BAL
,Cooper Rush,QB,31,"6' 3""",225 lbs,7,Central Michigan,BAL
,Rasheen Ali26,RB,24,"5' 11""",212 lbs,R,Marshall,BAL
,Derrick Henry22,RB,31,"6' 2""",247 lbs,9,Alabama,BAL
,Justice Hill43,RB,27,"5' 10""",195 lbs,6,Oklahoma State,BAL
,Marcus Major,RB,--,"6' 0""",220 lbs,R,Minnesota,BAL
,Keaton Mitchell34,RB,23,"5' 8""",191 lbs,2,East Carolina,BAL
,Sone Ntoh,RB,--,"5' 11""",235 lbs,R,Monmouth,BAL
,Patrick Ricard42,FB,30,"6' 3""",300 lbs,8,Maine,BAL
,Jahmal Banks,WR,--,"6' 4""",220 lbs,R,Nebraska,BAL
,Rashod Bateman7,WR,25,"6' 1""",195 lbs,4,Minnesota,BAL
,Malik Cunningham12,WR,26,"6' 1""",186 lbs,2,Louisville,BAL
,Zay Flowers4,WR,24,"5' 9""",175 lbs,2,Boston College,BAL
,Xavier Guillory,WR,--,"6' 2""",200 lbs,R,Arizona State,BAL
,DeAndre Hopkins,WR,32,"6' 1""",218 lbs,12,Clemson,BAL
,Keith Kirkwood87,WR,31,"6' 3""",210 lbs,5,Temple,BAL
,Anthony Miller6,WR,30,"5' 11""",190 lbs,6,Memphis,BAL
,Dayton Wade82,WR,24,"5' 9""",184 lbs,R,Ole Miss,BAL
,Devontez Walker81,WR,23,"6' 1""",198 lbs,R,North Carolina,BAL
,Tylan Wallace16,WR,26,"5' 11""",202 lbs,4,Oklahoma State,BAL
,LaJohntay Wester,WR,23,"5' 11""",167 lbs,R,Colorado,BAL
,Mark Andrews89,TE,29,"6' 5""",250 lbs,7,Oklahoma,BAL
,Charlie Kolar88,TE,26,"6' 6""",267 lbs,3,Iowa State,BAL
,Isaiah Likely80,TE,25,"6' 4""",247 lbs,3,Coastal Carolina,BAL
,Zaire Mitchell-Paden84,TE,25,"6' 5""",257 lbs,1,Florida Atlantic,BAL
,Sam Pitz,TE,--,"6' 6""",245 lbs,R,Minnesota Duluth,BAL
,Tyler Linderbaum64,C,25,"6' 2""",314 lbs,3,Iowa,BAL
,Nick Samac61,C,23,"6' 4""",314 lbs,R,Michigan State,BAL
,Ben Cleveland66,G,26,"6' 6""",360 lbs,4,Georgia,BAL
,Darrian Dalcourt76,G,24,"6' 3""",320 lbs,R,Alabama,BAL
,Garrett Dellinger,G,23,"6' 5""",322 lbs,R,LSU,BAL
,Andrew Vorhees72,G,26,"6' 6""",320 lbs,1,USC,BAL
,Corey Bullock67,OT,23,"6' 3""",314 lbs,R,Maryland,BAL
,Gerad Christian-Lichtenhan,OT,--,"6' 9""",329 lbs,R,Oregon State,BAL
,Daniel Faalele77,OT,25,"6' 8""",380 lbs,3,Minnesota,BAL
,Reid Holskey,OT,--,"6' 6""",306 lbs,R,Miami (OH),BAL
,Ozzie Hutchinson,OT,--,"6' 4""",305 lbs,R,UAlbany,BAL
,Emery Jones Jr.,OT,21,"6' 6""",315 lbs,R,LSU,BAL
,Joe Noteboom70,OT,29,"6' 5""",300 lbs,7,TCU,BAL
,Jared Penning,OT,--,"6' 6""",338 lbs,R,Northern Iowa,BAL
,Roger Rosengarten70,OT,22,"6' 5""",316 lbs,R,Washington,BAL
,Ronnie Stanley79,OT,31,"6' 6""",310 lbs,9,Notre Dame,BAL
,Carson Vinson,OT,23,"6' 6""",305 lbs,R,Alabama A&M,BAL
,Josh Allen17,QB,28,"6' 5""",237 lbs,7,Wyoming,BUF
,Shane Buechele6,QB,27,"6' 0""",210 lbs,3,SMU,BUF
,Mitchell Trubisky11,QB,30,"6' 3""",222 lbs,8,North Carolina,BUF
,Mike White14,QB,30,"6' 5""",220 lbs,6,Western Kentucky,BUF
,James Cook4,RB,25,"5' 11""",190 lbs,3,Georgia,BUF
,Ray Davis22,RB,25,"5' 8""",220 lbs,R,Kentucky,BUF
,Darrynton Evans,RB,26,"5' 10""",203 lbs,5,App State,BUF
,Frank Gore Jr.20,RB,23,"5' 8""",195 lbs,R,Southern Miss,BUF
,Ty Johnson26,RB,27,"5' 10""",210 lbs,6,Maryland,BUF
,Reggie Gilliam41,FB,27,"6' 0""",244 lbs,5,Toledo,BUF
,Kelly Akharaiyi,WR,--,"6' 1""",200 lbs,R,Mississippi State,BUF
,Keon Coleman0,WR,21,"6' 4""",215 lbs,R,Florida State,BUF
,Stephen Gosnell,WR,--,"6' 2""",198 lbs,R,Virginia Tech,BUF
,KJ Hamler19,WR,25,"5' 9""",178 lbs,4,Penn State,BUF
,Elijah Moore,WR,25,"5' 10""",180 lbs,4,Ole Miss,BUF
,Joshua Palmer5,WR,25,"6' 1""",210 lbs,4,Tennessee,BUF
,Kaden Prather,WR,22,"6' 3""",210 lbs,R,Maryland,BUF
,Hal Presley,WR,--,"6' 3""",210 lbs,R,Baylor,BUF
,Curtis Samuel1,WR,28,"5' 11""",195 lbs,8,Ohio State,BUF
,Khalil Shakir10,WR,25,"6' 0""",190 lbs,3,Boise State,BUF
,Tyrell Shavers80,WR,25,"6' 4""",211 lbs,1,Middle Tennessee,BUF
,Laviska Shenault Jr.,WR,26,"6' 1""",225 lbs,6,Colorado,BUF
,Jalen Virgil89,WR,26,"6' 1""",210 lbs,3,App State,BUF
,Zach Davidson84,TE,26,"6' 7""",251 lbs,2,Central Missouri State,BUF
,Jackson Hawes,TE,24,"6' 5""",260 lbs,R,Georgia Tech,BUF
,Dalton Kincaid86,TE,25,"6' 4""",240 lbs,2,Utah,BUF
,Dawson Knox88,TE,28,"6' 4""",254 lbs,6,Ole Miss,BUF
,Keleki Latu,TE,22,"6' 7""",244 lbs,R,Washington,BUF
,Jacob Bayer,C,22,"6' 3""",310 lbs,R,Arkansas State,BUF
,Sedrick Van Pran-Granger62,C,23,"6' 4""",310 lbs,R,Georgia,BUF
,David Edwards76,G,28,"6' 6""",308 lbs,6,Wisconsin,BUF
,Kendrick Green,G,26,"6' 3""",310 lbs,4,Illinois,BUF
,Connor McGovern66,G,27,"6' 5""",318 lbs,6,Penn State,BUF
,O'Cyrus Torrence64,G,25,"6' 5""",347 lbs,2,Florida,BUF
,Gerquan Scott,OL,--,"6' 3""",320 lbs,R,Ole Miss,BUF
,Alec Anderson70,OT,25,"6' 5""",305 lbs,2,UCLA,BUF
,Spencer Brown79,OT,27,"6' 8""",311 lbs,4,Northern Iowa,BUF
,Travis Clayton67,OT,24,"6' 7""",301 lbs,R,--,BUF
,Dion Dawkins73,OT,31,"6' 5""",320 lbs,8,Temple,BUF
,Mike Edwards65,OT,26,"6' 5""",363 lbs,R,Campbell,BUF
,Richard Gouraige75,OT,26,"6' 5""",306 lbs,1,Florida,BUF
,Tylan Grable68,OT,25,"6' 5""",309 lbs,R,UCF,BUF
,Chase Lundt,OT,24,"6' 8""",305 lbs,R,UConn,BUF
,Rush Reimer,OT,--,"6' 5""",305 lbs,R,California,BUF
,Ryan Van Demark74,OT,27,"6' 6""",307 lbs,2,UConn,BUF
,Andy Dalton14,QB,37,"6' 2""",220 lbs,14,TCU,CAR
,Ethan Garbers,QB,--,"6' 3""",210 lbs,R,UCLA,CAR
,Jack Plummer16,QB,25,"6' 5""",215 lbs,R,Louisville,CAR
,Bryce Young9,QB,23,"5' 10""",204 lbs,2,Alabama,CAR
,Emani Bailey39,RB,23,"5' 7""",202 lbs,R,TCU,CAR
,Raheem Blackshear3,RB,26,"5' 9""",190 lbs,3,Virginia Tech,CAR
,Rico Dowdle,RB,26,"6' 0""",215 lbs,5,South Carolina,CAR
,Trevor Etienne,RB,20,"5' 9""",205 lbs,R,Georgia,CAR
,Chuba Hubbard30,RB,25,"6' 1""",210 lbs,4,Oklahoma State,CAR
,Kay'Ron Lynch-Adams,RB,--,"5' 10""",215 lbs,R,Michigan State,CAR
,Dan Chisena88,WR,28,"6' 3""",202 lbs,4,Penn State,CAR
,Jalen Coker18,WR,23,"6' 3""",213 lbs,R,Holy Cross,CAR
,Jacolby George,WR,22,"6' 0""",176 lbs,R,Miami,CAR
,Jimmy Horn Jr.,WR,22,"5' 10""",170 lbs,R,Colorado,CAR
,Kobe Hudson,WR,--,"6' 1""",200 lbs,R,UCF,CAR
,Xavier Legette17,WR,24,"6' 3""",227 lbs,R,South Carolina,CAR
,Tetairoa McMillan,WR,22,"6' 4""",212 lbs,R,Arizona,CAR
,David Moore83,WR,30,"6' 0""",220 lbs,6,East Central (OK),CAR
,Moose Muhammad III,WR,--,"6' 1""",195 lbs,R,Texas A&M,CAR
,Hunter Renfrow,WR,29,"5' 10""",185 lbs,5,Clemson,CAR
,Adam Thielen19,WR,34,"6' 2""",195 lbs,11,Minnesota State,CAR
,Corey Thornton,WR,--,"6' 1""",195 lbs,R,Louisville,CAR
,Brycen Tremayne,WR,25,"6' 4""",212 lbs,1,Stanford,CAR
,Dominique Dafney46,TE,27,"6' 3""",235 lbs,2,Indiana State,CAR
,Mitchell Evans,TE,22,"6' 5""",260 lbs,R,Notre Dame,CAR
,James Mitchell,TE,25,"6' 4""",249 lbs,3,Virginia Tech,CAR
,Bryce Pierre,TE,--,"6' 5""",255 lbs,R,UCLA,CAR
,Ja'Tavion Sanders0,TE,22,"6' 4""",252 lbs,R,Texas,CAR
,Tommy Tremble82,TE,24,"6' 4""",250 lbs,4,Notre Dame,CAR
,Austin Corbett63,C,29,"6' 4""",305 lbs,7,Nevada,CAR
,Ja'Tyre Carter65,G,26,"6' 3""",311 lbs,3,Southern,CAR
,Brady Christensen70,G,28,"6' 6""",300 lbs,4,BYU,CAR
,Robert Hunt50,G,28,"6' 6""",323 lbs,5,Louisiana,CAR
,Damien Lewis68,G,28,"6' 2""",327 lbs,5,LSU,CAR
,Cade Mays64,G,26,"6' 6""",325 lbs,3,Tennessee,CAR
,Michael Tarquin,G,--,"6' 6""",317 lbs,R,Oklahoma,CAR
,Chandler Zavala62,G,26,"6' 3""",322 lbs,2,NC State,CAR
,Luke Kandra,OL,--,"6' 4""",323 lbs,R,Cincinnati,CAR
,Ikem Ekwonu79,OT,24,"6' 4""",320 lbs,3,NC State,CAR
,Jarrett Kingston61,OT,25,"6' 4""",305 lbs,R,USC,CAR
,Taylor Moton72,OT,30,"6' 5""",325 lbs,8,Western Michigan,CAR
,Yosh Nijman77,OT,29,"6' 7""",314 lbs,5,Virginia Tech,CAR
,Brandon Walton73,OT,27,"6' 5""",300 lbs,3,Florida Atlantic,CAR
,Tyson Bagent17,QB,24,"6' 3""",213 lbs,2,Shepherd,CHI
,Case Keenum,QB,37,"6' 1""",215 lbs,13,Houston,CHI
,Austin Reed16,QB,25,"6' 1""",220 lbs,R,Western Kentucky,CHI
,Caleb Williams18,QB,23,"6' 1""",215 lbs,R,USC,CHI
,Deion Hankins,RB,--,"6' 0""",225 lbs,R,Texas State,CHI
,Travis Homer20,RB,26,"5' 10""",202 lbs,6,Miami,CHI
,Roschon Johnson23,RB,24,"6' 0""",225 lbs,2,Texas,CHI
,Kyle Monangai,RB,22,"5' 9""",209 lbs,R,Rutgers,CHI
,D'Andre Swift4,RB,26,"5' 9""",215 lbs,5,Georgia,CHI
,Ian Wheeler33,RB,23,"5' 11""",205 lbs,R,Howard,CHI
,Maurice Alexander1,WR,28,"5' 11""",180 lbs,1,Florida International,CHI
,Miles Boykin,WR,28,"6' 4""",222 lbs,7,Notre Dame,CHI
,Luther Burden III,WR,21,"5' 11""",208 lbs,R,Missouri,CHI
,Devin Duvernay,WR,27,"5' 11""",202 lbs,6,Texas,CHI
,John Jackson III82,WR,25,"6' 1""",215 lbs,R,Nevada,CHI
,DJ Moore2,WR,28,"5' 11""",210 lbs,7,Maryland,CHI
,Rome Odunze15,WR,22,"6' 3""",215 lbs,R,Washington,CHI
,JP Richardson,WR,--,"6' 0""",195 lbs,R,TCU,CHI
,Tyler Scott10,WR,23,"5' 11""",185 lbs,2,Cincinnati,CHI
,Samori Toure83,WR,27,"6' 1""",191 lbs,3,Nebraska,CHI
,Olamide Zaccheaus,WR,27,"5' 8""",193 lbs,7,Virginia,CHI
,Reggie Brown,TE,--,"6' 3""",245 lbs,R,Tulane,CHI
,Stephen Carlson88,TE,28,"6' 4""",240 lbs,3,Princeton,CHI
,Cole Kmet85,TE,26,"6' 6""",260 lbs,5,Notre Dame,CHI
,Colston Loveland,TE,21,"6' 5""",245 lbs,R,Michigan,CHI
,Jordan Murray,TE,25,"6' 5""",240 lbs,1,Hawai'i,CHI
,Durham Smythe,TE,29,"6' 6""",246 lbs,7,Notre Dame,CHI
,Joel Wilson86,TE,24,"6' 4""",250 lbs,1,Central Michigan,CHI
,Ryan Bates71,C,28,"6' 4""",302 lbs,6,Penn State,CHI
,Drew Dalman67,C,26,"6' 3""",305 lbs,4,Stanford,CHI
,Doug Kramer Jr.68,C,26,"6' 2""",300 lbs,3,Illinois,CHI
,Ricky Stromberg67,C,24,"6' 4""",313 lbs,2,Arkansas,CHI
,Theo Benedet62,G,23,"6' 7""",305 lbs,R,British Columbia,CHI
,Chris Glaser63,G,25,"6' 4""",300 lbs,2,Virginia,CHI
,Jonah Jackson,G,28,"6' 4""",315 lbs,5,Ohio State,CHI
,Jordan McFadden71,G,25,"6' 2""",303 lbs,2,Clemson,CHI
,Bill Murray60,G,27,"6' 4""",307 lbs,1,William & Mary,CHI
,Joe Thuney,G,32,"6' 5""",304 lbs,9,NC State,CHI
,Kiran Amegadjie72,OT,23,"6' 5""",326 lbs,R,Yale,CHI
,Braxton Jones70,OT,26,"6' 5""",310 lbs,3,Southern Utah,CHI
,Joshua Miles,OT,29,"6' 5""",325 lbs,4,Morgan State,CHI
,Luke Newman,OT,23,"6' 4""",315 lbs,R,Michigan State,CHI
,Ozzy Trapilo,OT,23,"6' 8""",309 lbs,R,Boston College,CHI
,Darnell Wright58,OT,23,"6' 6""",333 lbs,2,Tennessee,CHI
,Jake Browning6,QB,29,"6' 2""",209 lbs,2,Washington,CIN
,Joe Burrow9,QB,28,"6' 4""",215 lbs,5,LSU,CIN
,Payton Thorne,QB,23,"6' 2""",203 lbs,R,Auburn,CIN
,Logan Woodside,QB,30,"6' 1""",210 lbs,5,Toledo,CIN
,Gary Brightwell44,RB,27,"6' 1""",218 lbs,4,Arizona,CIN
,Tahj Brooks,RB,23,"5' 10""",230 lbs,R,Texas Tech,CIN
,Chase Brown30,RB,25,"5' 10""",211 lbs,2,Illinois,CIN
,Quali Conley,RB,--,"5' 10""",209 lbs,R,Arizona,CIN
,Kendall Milton36,RB,23,"6' 1""",230 lbs,R,Georgia,CIN
,Zack Moss31,RB,27,"5' 10""",215 lbs,5,Utah,CIN
,Samaje Perine,RB,29,"5' 10""",236 lbs,8,Oklahoma,CIN
,Cole Burgess17,WR,25,"6' 1""",198 lbs,R,Cortland,CIN
,Jermaine Burton81,WR,23,"6' 0""",200 lbs,R,Alabama,CIN
,Ja'Marr Chase1,WR,25,"6' 0""",201 lbs,4,LSU,CIN
,Tee Higgins5,WR,26,"6' 4""",219 lbs,5,Clemson,CIN
,Andrei Iosivas80,WR,25,"6' 3""",205 lbs,2,Princeton,CIN
,Charlie Jones15,WR,26,"6' 0""",183 lbs,2,Purdue,CIN
,Jamoi Mayes,WR,--,"5' 11""",205 lbs,R,Cincinnati,CIN
,Jordan Moore,WR,23,"6' 0""",195 lbs,R,Duke,CIN
,Rashod Owens,WR,--,"6' 2""",230 lbs,R,Oklahoma State,CIN
,Kendric Pryor19,WR,27,"5' 11""",189 lbs,2,Wisconsin,CIN
,Mitchell Tinsley,WR,25,"6' 1""",205 lbs,2,Penn State,CIN
,Isaiah Williams18,WR,24,"5' 10""",185 lbs,R,Illinois,CIN
,Erick All Jr.83,TE,24,"6' 5""",253 lbs,R,Iowa,CIN
,Mike Gesicki88,TE,29,"6' 6""",252 lbs,7,Penn State,CIN
,Cam Grandy85,TE,25,"6' 5""",253 lbs,R,Illinois State,CIN
,Tanner Hudson87,TE,30,"6' 5""",239 lbs,5,Southern Arkansas,CIN
,Tanner McLachlan84,TE,26,"6' 5""",244 lbs,R,Arizona,CIN
,Drew Sample89,TE,29,"6' 5""",255 lbs,6,Washington,CIN
,Kole Taylor,TE,--,"6' 7""",255 lbs,R,West Virginia,CIN
,Ted Karras64,C,32,"6' 4""",310 lbs,9,Illinois,CIN
,Matt Lee62,C,23,"6' 4""",301 lbs,R,Miami,CIN
,Seth McLaughlin,C,--,"6' 4""",305 lbs,R,Ohio State,CIN
,Dylan Fairchild,G,22,"6' 5""",315 lbs,R,Georgia,CIN
,Cody Ford61,G,28,"6' 3""",329 lbs,6,Oklahoma,CIN
,Jaxson Kirkland60,G,26,"6' 7""",328 lbs,1,Washington,CIN
,Tashawn Manning66,G,26,"6' 4""",340 lbs,1,Kentucky,CIN
,Lucas Patrick,G,31,"6' 3""",313 lbs,8,Duke,CIN
,Jalen Rivers,G,22,"6' 5""",325 lbs,R,Miami,CIN
,Cordell Volson67,G,26,"6' 6""",315 lbs,3,North Dakota State,CIN
,Orlando Brown Jr.75,OT,29,"6' 8""",345 lbs,7,Oklahoma,CIN
,Devin Cochran76,OT,26,"6' 7""",330 lbs,2,Georgia Tech,CIN
,Andrew Coker79,OT,24,"6' 7""",315 lbs,R,TCU,CIN
,Caleb Etienne,OT,--,"6' 8""",320 lbs,R,BYU,CIN
,Amarius Mims71,OT,22,"6' 8""",340 lbs,R,Georgia,CIN
,Andrew Stueber73,OT,25,"6' 7""",338 lbs,1,Michigan,CIN
,Joe Flacco15,QB,40,"6' 6""",230 lbs,16,Delaware,CLE
,Dillon Gabriel5,QB,24,"6' 0""",200 lbs,R,Oregon,CLE
,Kenny Pickett,QB,26,"6' 3""",220 lbs,3,Pittsburgh,CLE
,Shedeur Sanders12,QB,23,"6' 2""",215 lbs,R,Colorado,CLE
,Deshaun Watson4,QB,29,"6' 3""",223 lbs,8,Clemson,CLE
,Jerome Ford34,RB,25,"5' 10""",210 lbs,3,Cincinnati,CLE
,Quinshon Judkins10,RB,21,"6' 0""",219 lbs,R,Ohio State,CLE
,Ahmani Marshall,RB,--,"6' 2""",225 lbs,R,App State,CLE
,Dylan Sampson22,RB,20,"5' 11""",201 lbs,R,Tennessee,CLE
,Pierre Strong Jr.20,RB,26,"5' 11""",215 lbs,3,South Dakota State,CLE
,Troy Hairston36,FB,26,"5' 11""",245 lbs,3,Central Michigan,CLE
,David Bell18,WR,24,"6' 1""",212 lbs,3,Purdue,CLE
,DeAndre Carter,WR,32,"5' 8""",190 lbs,7,Sacramento State,CLE
,Kaden Davis89,WR,26,"6' 1""",193 lbs,1,--,CLE
,Luke Floriea,WR,--,"5' 10""",173 lbs,R,Kent State,CLE
,Jerry Jeudy3,WR,26,"6' 1""",195 lbs,5,Alabama,CLE
,Diontae Johnson,WR,28,"5' 10""",183 lbs,6,Toledo,CLE
,Kisean Johnson,WR,--,"6' 1""",216 lbs,R,Western Kentucky,CLE
,Gage Larvadain,WR,--,"5' 9""",180 lbs,R,South Carolina,CLE
,Cade McDonald,WR,--,"5' 11""",200 lbs,R,Miami (OH),CLE
,Jamari Thrash80,WR,24,"6' 0""",190 lbs,R,Louisville,CLE
,Cedric Tillman19,WR,25,"6' 3""",215 lbs,2,Tennessee,CLE
,Michael Woods II81,WR,25,"6' 1""",204 lbs,2,Oklahoma,CLE
,Brenden Bates82,TE,25,"6' 5""",255 lbs,R,Kentucky,CLE
,Harold Fannin Jr.88,TE,20,"6' 4""",230 lbs,R,Bowling Green,CLE
,Tre' McKitty87,TE,26,"6' 4""",246 lbs,4,Georgia,CLE
,David Njoku85,TE,28,"6' 4""",246 lbs,8,Miami,CLE
,Blake Whiteheart86,TE,25,"6' 4""",250 lbs,2,Wake Forest,CLE
,Ethan Pocic55,C,29,"6' 6""",320 lbs,8,LSU,CLE
,Luke Wypler56,C,24,"6' 3""",303 lbs,2,Ohio State,CLE
,Joel Bitonio75,G,33,"6' 4""",320 lbs,11,Nevada,CLE
,Javion Cohen67,G,22,"6' 4""",322 lbs,R,Miami,CLE
,Teven Jenkins,G,27,"6' 6""",321 lbs,4,Oklahoma State,CLE
,Brady Latham,G,24,"6' 5""",312 lbs,R,Arkansas,CLE
,Wyatt Teller77,G,30,"6' 4""",315 lbs,7,Virginia Tech,CLE
,Zak Zinter70,G,24,"6' 6""",310 lbs,R,Michigan,CLE
,Jason Ivey,OL,--,"6' 5""",285 lbs,R,North Carolina A&T,CLE
,Jack Conklin78,OT,30,"6' 6""",308 lbs,9,Michigan State,CLE
,Dawand Jones79,OT,23,"6' 8""",374 lbs,2,Ohio State,CLE
,Cornelius Lucas,OT,33,"6' 8""",327 lbs,10,Kansas State,CLE
,Roy Mbaeteka61,OT,25,"6' 8""",330 lbs,1,--,CLE
,Justin Osborne,OT,--,"6' 5""",299 lbs,R,SMU,CLE
,Julian Pearl60,OT,25,"6' 6""",325 lbs,R,Illinois,CLE
,Lorenzo Thompson69,OT,24,"6' 6""",305 lbs,R,Rhode Island,CLE
,Dartanyan Tinsley,OT,--,"6' 4""",320 lbs,R,Cincinnati,CLE
,Will Grier16,QB,30,"6' 1""",220 lbs,6,West Virginia,DAL
,Joe Milton III,QB,25,"6' 5""",246 lbs,R,Tennessee,DAL
,Dak Prescott4,QB,31,"6' 2""",238 lbs,9,Mississippi State,DAL
,Jaydon Blue,RB,21,"6' 0""",200 lbs,R,Texas,DAL
,Hunter Luepke40,RB,25,"6' 1""",238 lbs,2,North Dakota State,DAL
,Phil Mafah,RB,22,"6' 1""",230 lbs,R,Clemson,DAL
,Miles Sanders6,RB,28,"5' 11""",210 lbs,6,Penn State,DAL
,Deuce Vaughn42,RB,23,"5' 6""",176 lbs,2,Kansas State,DAL
,Javonte Williams,RB,25,"5' 10""",220 lbs,4,North Carolina,DAL
,Jalen Brooks83,WR,25,"6' 2""",205 lbs,2,South Carolina,DAL
,Parris Campbell,WR,27,"6' 0""",208 lbs,7,Ohio State,DAL
,Ryan Flournoy80,WR,25,"6' 1""",200 lbs,R,Southeast Missouri State,DAL
,Kelvin Harmon84,WR,28,"6' 2""",215 lbs,2,NC State,DAL
,Traeshon Holden,WR,--,"6' 3""",205 lbs,R,Oregon,DAL
,Josh Kelly,WR,--,"6' 1""",195 lbs,R,Texas Tech,DAL
,CeeDee Lamb88,WR,26,"6' 2""",200 lbs,5,Oklahoma,DAL
,Jonathan Mingo81,WR,24,"6' 2""",220 lbs,2,Ole Miss,DAL
,Jalen Moreno-Cropper16,WR,24,"6' 0""",172 lbs,1,Fresno State,DAL
,George Pickens,WR,24,"6' 3""",200 lbs,3,Georgia,DAL
,Jalen Tolbert1,WR,26,"6' 1""",195 lbs,3,South Alabama,DAL
,KaVontae Turpin9,WR,28,"5' 9""",153 lbs,3,TCU,DAL
,Rivaldo Fairweather,TE,--,"6' 4""",252 lbs,R,Auburn,DAL
,Princeton Fant85,TE,26,"6' 2""",235 lbs,1,Tennessee,DAL
,Jake Ferguson87,TE,26,"6' 5""",244 lbs,3,Wisconsin,DAL
,Tyler Neville,TE,--,"6' 4""",248 lbs,R,Virginia,DAL
,Luke Schoonmaker86,TE,26,"6' 5""",250 lbs,2,Michigan,DAL
,Brevyn Spann-Ford89,TE,25,"6' 7""",270 lbs,R,Minnesota,DAL
,John Stephens Jr.81,TE,25,"6' 5""",221 lbs,2,Louisiana,DAL
,Brock Hoffman67,C,25,"6' 4""",302 lbs,2,Virginia Tech,DAL
,T.J. Bass66,G,26,"6' 4""",325 lbs,2,Oregon,DAL
,Cooper Beebe56,G,23,"6' 4""",335 lbs,R,Kansas State,DAL
,Tyler Booker,G,21,"6' 5""",325 lbs,R,Alabama,DAL
,Saahdiq Charles,G,25,"6' 4""",321 lbs,5,LSU,DAL
,Robert Jones,G,26,"6' 4""",325 lbs,4,Middle Tennessee,DAL
,Tyler Smith73,G,24,"6' 6""",332 lbs,3,Tulsa,DAL
,Hakeem Adeniji,OT,27,"6' 4""",315 lbs,5,Kansas,DAL
,Ajani Cornelius,OT,22,"6' 5""",315 lbs,R,Oregon,DAL
,Tyler Guyton60,OT,23,"6' 7""",322 lbs,R,Oklahoma,DAL
,Asim Richards76,OT,24,"6' 4""",307 lbs,2,North Carolina,DAL
,Dakoda Shepley65,OT,30,"6' 5""",290 lbs,2,British Columbia,DAL
,Terence Steele78,OT,27,"6' 6""",310 lbs,5,Texas Tech,DAL
,Nathan Thomas62,OT,23,"6' 4""",331 lbs,R,Louisiana,DAL
,Matt Waletzko79,OT,25,"6' 8""",305 lbs,3,North Dakota,DAL
,Sam Ehlinger,QB,26,"6' 2""",225 lbs,4,Texas,DEN
,Bo Nix10,QB,25,"6' 2""",217 lbs,R,Oregon,DEN
,Jarrett Stidham8,QB,28,"6' 3""",215 lbs,5,Auburn,DEN
,Tyler Badie28,RB,25,"5' 8""",197 lbs,1,Missouri,DEN
,Audric Estime23,RB,21,"5' 11""",227 lbs,R,Notre Dame,DEN
,RJ Harvey,RB,24,"5' 9""",208 lbs,R,UCF,DEN
,Jaleel McLaughlin38,RB,24,"5' 7""",187 lbs,2,Youngstown State,DEN
,Blake Watson25,RB,25,"5' 9""",195 lbs,R,Memphis,DEN
,Michael Burton20,FB,33,"6' 0""",247 lbs,10,Rutgers,DEN
,Michael Bandy83,WR,27,"5' 10""",190 lbs,3,San Diego,DEN
,Pat Bryant,WR,22,"6' 3""",200 lbs,R,Illinois,DEN
,Joaquin Davis,WR,--,"6' 4""",195 lbs,R,North Carolina Central,DEN
,Troy Franklin16,WR,22,"6' 3""",180 lbs,R,Oregon,DEN
,Courtney Jackson,WR,--,"5' 11""",189 lbs,R,Arkansas State,DEN
,Marvin Mims Jr.19,WR,23,"5' 11""",182 lbs,2,Oklahoma,DEN
,Jerjuan Newton,WR,--,"5' 11""",192 lbs,R,Toledo,DEN
,A.T. Perry87,WR,25,"6' 5""",205 lbs,2,Wake Forest,DEN
,Trent Sherfield Sr.11,WR,29,"6' 1""",206 lbs,7,Vanderbilt,DEN
,Courtland Sutton14,WR,29,"6' 4""",216 lbs,7,SMU,DEN
,Devaughn Vele17,WR,27,"6' 5""",210 lbs,R,Utah,DEN
,Kyrese White,WR,--,"5' 10""",185 lbs,R,Utah State,DEN
,Nate Adkins45,TE,25,"6' 3""",252 lbs,2,South Carolina,DEN
,Evan Engram,TE,30,"6' 3""",240 lbs,8,Ole Miss,DEN
,Cole Fotheringham,TE,27,"6' 4""",243 lbs,4,Utah,DEN
,Lucas Krull85,TE,26,"6' 6""",260 lbs,2,Pittsburgh,DEN
,Caleb Lohner,TE,24,"6' 7""",250 lbs,R,Utah,DEN
,Adam Trautman82,TE,28,"6' 5""",253 lbs,5,Dayton,DEN
,Alex Forsyth54,C,26,"6' 4""",312 lbs,2,Oregon,DEN
,Joe Michalski,C,--,"6' 5""",305 lbs,R,Oklahoma State,DEN
,Luke Wattenberg60,C,27,"6' 5""",300 lbs,3,Washington,DEN
,Clay Webb,C,25,"6' 3""",310 lbs,R,Jacksonville State,DEN
,Nick Gargiulo66,G,24,"6' 5""",310 lbs,R,South Carolina,DEN
,Quinn Meinerz77,G,26,"6' 3""",320 lbs,4,Wisconsin-Whitewater,DEN
,Ben Powers74,G,28,"6' 4""",310 lbs,6,Oklahoma,DEN
,Calvin Throckmorton76,G,28,"6' 5""",311 lbs,4,Oregon,DEN
,Xavier Truss,G,--,"6' 7""",320 lbs,R,Georgia,DEN
,Garett Bolles72,OT,32,"6' 5""",300 lbs,8,Utah,DEN
,Marques Cox,OT,--,"6' 5""",318 lbs,R,Kentucky,DEN
,Frank Crum73,OT,24,"6' 7""",315 lbs,R,Wyoming,DEN
,Mike McGlinchey69,OT,30,"6' 8""",315 lbs,7,Notre Dame,DEN
,Alex Palczewski63,OT,25,"6' 6""",314 lbs,2,Illinois,DEN
,Matt Peart79,OT,27,"6' 7""",318 lbs,5,UConn,DEN
,Will Sherman,OT,25,"6' 4""",300 lbs,1,Colorado,DEN
,Kyle Allen,QB,29,"6' 3""",210 lbs,7,Houston,DET
,Jared Goff16,QB,30,"6' 4""",217 lbs,9,California,DET
,Hendon Hooker2,QB,27,"6' 3""",220 lbs,2,Tennessee,DET
,Jahmyr Gibbs0,RB,23,"5' 9""",200 lbs,2,Alabama,DET
,Justin Jackson38,RB,29,"6' 0""",199 lbs,6,Northwestern,DET
,David Montgomery5,RB,27,"5' 11""",224 lbs,6,Iowa State,DET
,Craig Reynolds13,RB,28,"5' 11""",216 lbs,3,Kutztown,DET
,Kye Robichaux,RB,--,"6' 0""",217 lbs,R,Boston College,DET
,Anthony Tyus III,RB,--,"6' 1""",226 lbs,R,Ohio,DET
,Sione Vaki33,RB,23,"5' 11""",213 lbs,R,Utah,DET
,Ronnie Bell10,WR,25,"6' 0""",190 lbs,2,Michigan,DET
,Jakobie Keeney-James,WR,--,"6' 1""",197 lbs,R,Massachusetts,DET
,Tom Kennedy85,WR,28,"5' 10""",195 lbs,3,Bryant,DET
,Dominic Lovett,WR,22,"5' 10""",187 lbs,R,Georgia,DET
,Jackson Meeks,WR,22,"6' 2""",210 lbs,R,Syracuse,DET
,Tim Patrick12,WR,31,"6' 5""",210 lbs,7,Utah,DET
,Kalif Raymond11,WR,30,"5' 8""",180 lbs,8,Holy Cross,DET
,Amon-Ra St. Brown14,WR,25,"6' 0""",202 lbs,4,USC,DET
,Isaac TeSlaa,WR,23,"6' 4""",217 lbs,R,Arkansas,DET
,Jameson Williams1,WR,24,"6' 1""",180 lbs,3,Alabama,DET
,Zach Horton,TE,--,"6' 4""",252 lbs,R,Indiana,DET
,Sam LaPorta87,TE,24,"6' 3""",245 lbs,2,Iowa,DET
,Brock Wright89,TE,26,"6' 5""",250 lbs,4,Notre Dame,DET
,Kenny Yeboah88,TE,26,"6' 4""",250 lbs,4,Ole Miss,DET
,Shane Zylstra84,TE,28,"6' 4""",244 lbs,3,Minnesota State,DET
,Kingsley Eguakun65,C,24,"6' 3""",312 lbs,R,Florida,DET
,Frank Ragnow77,C,28,"6' 5""",310 lbs,7,Arkansas,DET
,Kayode Awosika74,G,26,"6' 3""",315 lbs,3,Buffalo,DET
,Miles Frazier,G,23,"6' 5""",325 lbs,R,LSU,DET
,Graham Glasgow60,G,32,"6' 6""",315 lbs,9,Michigan,DET
,Christian Mahogany73,G,24,"6' 3""",319 lbs,R,Boston College,DET
,Netane Muti52,G,26,"6' 3""",315 lbs,4,Fresno State,DET
,Michael Niese62,G,27,"6' 5""",295 lbs,1,Temple,DET
,Tate Ratledge,G,24,"6' 6""",320 lbs,R,Georgia,DET
,Taylor Decker68,OT,30,"6' 7""",318 lbs,9,Ohio State,DET
,Jamarco Jones72,OT,28,"6' 4""",305 lbs,6,Ohio State,DET
,Giovanni Manu59,OT,24,"6' 7""",354 lbs,R,British Columbia,DET
,Mason Miller,OT,--,"6' 7""",305 lbs,R,North Dakota State,DET
,Penei Sewell58,OT,24,"6' 5""",335 lbs,4,Oregon,DET
,Dan Skipper70,OT,30,"6' 9""",330 lbs,5,Arkansas,DET
,Colby Sorsdal75,OT,25,"6' 6""",315 lbs,2,William & Mary,DET
,Sean Clifford6,QB,26,"6' 2""",218 lbs,2,Penn State,GNB
,Taylor Elgersma,QB,--,"6' 5""",227 lbs,R,Wilfred Laurier,GNB
,Jordan Love10,QB,26,"6' 4""",219 lbs,5,Utah State,GNB
,Malik Willis2,QB,25,"6' 1""",225 lbs,3,Liberty,GNB
,Chris Brooks30,RB,25,"6' 1""",219 lbs,2,BYU,GNB
,Josh Jacobs8,RB,27,"5' 10""",223 lbs,6,Alabama,GNB
,Amar Johnson,RB,--,"5' 10""",205 lbs,R,South Dakota State,GNB
,MarShawn Lloyd32,RB,24,"5' 9""",220 lbs,R,USC,GNB
,Jalen White,RB,--,"6' 1""",220 lbs,R,Georgia Southern,GNB
,Emanuel Wilson31,RB,26,"5' 10""",226 lbs,2,Fort Valley State,GNB
,Romeo Doubs87,WR,25,"6' 2""",204 lbs,3,Nevada,GNB
,Julian Fleming,WR,--,"6' 2""",206 lbs,R,Penn State,GNB
,Matthew Golden,WR,21,"6' 0""",195 lbs,R,Texas,GNB
,Mecole Hardman,WR,27,"5' 10""",187 lbs,7,Georgia,GNB
,Malik Heath18,WR,25,"6' 2""",213 lbs,2,Ole Miss,GNB
,Julian Hicks81,WR,25,"6' 2""",201 lbs,R,UAlbany,GNB
,Cornelius Johnson83,WR,24,"6' 3""",212 lbs,R,Michigan,GNB
,Bo Melton80,WR,25,"5' 11""",189 lbs,1,Rutgers,GNB
,Jayden Reed11,WR,25,"5' 11""",187 lbs,2,Michigan State,GNB
,Christian Watson9,WR,26,"6' 4""",208 lbs,3,North Dakota State,GNB
,Dontayvion Wicks13,WR,23,"6' 1""",206 lbs,2,Virginia,GNB
,Savion Williams,WR,23,"6' 5""",225 lbs,R,TCU,GNB
,John FitzPatrick86,TE,25,"6' 7""",262 lbs,3,Georgia,GNB
,Tucker Kraft85,TE,24,"6' 5""",259 lbs,2,South Dakota State,GNB
,Johnny Lumpkin86,TE,27,"6' 5""",264 lbs,1,Louisiana,GNB
,Luke Musgrave88,TE,24,"6' 6""",253 lbs,2,Oregon State,GNB
,Ben Sims89,TE,24,"6' 5""",250 lbs,2,Baylor,GNB
,Messiah Swinson48,TE,25,"6' 7""",259 lbs,R,Arizona State,GNB
,Trey Hill,C,25,"6' 4""",319 lbs,4,Georgia,GNB
,Jacob Monk62,C,23,"6' 3""",308 lbs,R,Duke,GNB
,Aaron Banks,G,27,"6' 5""",325 lbs,4,Notre Dame,GNB
,Tyler Cooper,G,--,"6' 6""",310 lbs,4,Minnesota,GNB
,Elgton Jenkins74,G,29,"6' 5""",311 lbs,6,Mississippi State,GNB
,Donovan Jennings67,G,25,"6' 4""",323 lbs,R,South Florida,GNB
,J.J. Lippe,G,--,"6' 5""",311 lbs,R,Northern Illinois,GNB
,Sean Rhyan75,G,24,"6' 5""",321 lbs,3,UCLA,GNB
,Zach Tom50,G,26,"6' 4""",304 lbs,3,Wake Forest,GNB
,Brant Banks,OT,25,"6' 7""",318 lbs,R,Rice,GNB
,Anthony Belton,OT,24,"6' 6""",336 lbs,R,NC State,GNB
,Travis Glover79,OT,24,"6' 6""",317 lbs,R,Georgia State,GNB
,Jordan Morgan77,OT,23,"6' 5""",311 lbs,R,Arizona,GNB
,Kadeem Telfort76,OT,26,"6' 7""",322 lbs,1,UAB,GNB
,Rasheed Walker63,OT,25,"6' 6""",324 lbs,3,Penn State,GNB
,John Williams,OT,--,"6' 5""",320 lbs,R,Cincinnati,GNB
,Graham Mertz,QB,24,"6' 3""",216 lbs,R,Florida,HOU
,Davis Mills10,QB,26,"6' 4""",225 lbs,4,Stanford,HOU
,Kedon Slovis16,QB,24,"6' 2""",223 lbs,R,BYU,HOU
,C.J. Stroud7,QB,23,"6' 3""",218 lbs,2,Ohio State,HOU
,British Brooks44,RB,25,"5' 11""",225 lbs,R,North Carolina,HOU
,Jawhar Jordan22,RB,25,"5' 10""",186 lbs,R,Louisville,HOU
,Woody Marks,RB,24,"5' 10""",208 lbs,R,USC,HOU
,Joe Mixon28,RB,28,"6' 1""",220 lbs,8,Oklahoma,HOU
,Dare Ogunbowale33,RB,31,"5' 10""",205 lbs,6,Wisconsin,HOU
,Dameon Pierce31,RB,25,"5' 10""",215 lbs,3,Florida,HOU
,J.J. Taylor26,RB,27,"5' 6""",185 lbs,3,Arizona,HOU
,Jakob Johnson,FB,30,"6' 3""",255 lbs,7,Tennessee,HOU
,Braxton Berrios0,WR,29,"5' 9""",185 lbs,7,Miami,HOU
,Nico Collins12,WR,26,"6' 4""",222 lbs,4,Michigan,HOU
,Tank Dell3,WR,25,"5' 10""",165 lbs,2,Houston,HOU
,Jayden Higgins,WR,22,"6' 4""",215 lbs,R,Iowa State,HOU
,Xavier Hutchinson19,WR,24,"6' 3""",210 lbs,2,Iowa State,HOU
,Daniel Jackson,WR,--,"6' 0""",195 lbs,R,Minnesota,HOU
,Xavier Johnson89,WR,26,"6' 1""",204 lbs,R,Ohio State,HOU
,Johnny Johnson III88,WR,26,"6' 1""",199 lbs,1,Oregon,HOU
,Christian Kirk13,WR,28,"5' 11""",200 lbs,7,Texas A&M,HOU
,John Metchie III8,WR,24,"6' 0""",195 lbs,2,Alabama,HOU
,Jaylin Noel,WR,22,"5' 11""",200 lbs,R,Iowa State,HOU
,Justin Watson,WR,29,"6' 2""",215 lbs,7,Pennsylvania,HOU
,Jared Wayne14,WR,24,"6' 3""",210 lbs,1,Pittsburgh,HOU
,Brevin Jordan9,TE,24,"6' 3""",245 lbs,4,Miami,HOU
,Luke Lachey,TE,23,"6' 6""",247 lbs,R,Iowa,HOU
,Dalton Schultz86,TE,28,"6' 5""",242 lbs,7,Stanford,HOU
,Irv Smith Jr.83,TE,26,"6' 2""",242 lbs,6,Alabama,HOU
,Cade Stover87,TE,24,"6' 4""",251 lbs,R,Ohio State,HOU
,Jake Andrews,C,25,"6' 3""",308 lbs,2,Troy,HOU
,Eli Cox,C,--,"6' 4""",309 lbs,R,Kentucky,HOU
,Jarrett Patterson54,C,25,"6' 4""",310 lbs,2,Notre Dame,HOU
,Juice Scruggs70,C,25,"6' 3""",310 lbs,2,Penn State,HOU
,Jerome Carvin61,G,24,"6' 3""",308 lbs,1,Tennessee,HOU
,LaDarius Henderson77,G,23,"6' 4""",309 lbs,R,Michigan,HOU
,Ed Ingram,G,26,"6' 3""",307 lbs,3,LSU,HOU
,Laken Tomlinson,G,33,"6' 3""",323 lbs,11,Duke,HOU
,Trent Brown,OT,32,"6' 8""",380 lbs,10,Florida,HOU
,Austin Deculus75,OT,26,"6' 5""",321 lbs,3,LSU,HOU
,Aireontae Ersery,OT,23,"6' 6""",330 lbs,R,Minnesota,HOU
,Blake Fisher57,OT,22,"6' 6""",312 lbs,R,Notre Dame,HOU
,Tytus Howard71,OT,28,"6' 5""",322 lbs,6,Alabama State,HOU
,Cam Robinson,OT,29,"6' 6""",335 lbs,8,Alabama,HOU
,Jaylon Thomas72,OT,25,"6' 5""",311 lbs,1,SMU,HOU
,Zach Thomas74,OT,26,"6' 5""",300 lbs,3,San Diego State,HOU
,Jason Bean8,QB,25,"6' 2""",196 lbs,R,Kansas,IND
,Daniel Jones,QB,27,"6' 5""",230 lbs,6,Duke,IND
,Riley Leonard,QB,22,"6' 4""",216 lbs,R,Notre Dame,IND
,Anthony Richardson5,QB,22,"6' 4""",244 lbs,2,Florida,IND
,Salvon Ahmed36,RB,26,"5' 11""",196 lbs,5,Washington,IND
,Ulysses Bentley IV,RB,--,"5' 10""",200 lbs,R,Ole Miss,IND
,DJ Giddens,RB,21,"6' 1""",212 lbs,R,Kansas State,IND
,Tyler Goodson31,RB,24,"5' 9""",197 lbs,2,Iowa,IND
,Khalil Herbert,RB,27,"5' 9""",212 lbs,4,Virginia Tech,IND
,Jonathan Taylor28,RB,26,"5' 10""",226 lbs,5,Wisconsin,IND
,Ajou Ajou,WR,23,"6' 3""",218 lbs,R,Garden City CC KS,IND
,Josh Downs1,WR,23,"5' 9""",171 lbs,2,North Carolina,IND
,Ashton Dulin16,WR,27,"6' 2""",215 lbs,6,Malone,IND
,Anthony Gould6,WR,24,"5' 8""",174 lbs,R,Oregon State,IND
,Tyler Kahmann,WR,--,"6' 3""",206 lbs,R,Emporia State,IND
,Adonai Mitchell10,WR,22,"6' 2""",205 lbs,R,Texas,IND
,D.J. Montgomery2,WR,28,"6' 1""",201 lbs,3,Austin Peay,IND
,Coleman Owen,WR,--,"5' 11""",191 lbs,R,Ohio,IND
,Landon Parker,WR,--,"6' 3""",205 lbs,R,Troy,IND
,Alec Pierce14,WR,25,"6' 3""",211 lbs,3,Cincinnati,IND
,Michael Pittman Jr.11,WR,27,"6' 4""",223 lbs,5,USC,IND
,Blayne Taylor,WR,--,"6' 5""",215 lbs,R,Abilene Christian,IND
,Laquon Treadwell17,WR,29,"6' 2""",215 lbs,9,Ole Miss,IND
,Mo Alie-Cox81,TE,31,"6' 5""",267 lbs,7,VCU,IND
,Will Mallory86,TE,25,"6' 4""",239 lbs,2,Miami,IND
,Maximilian Mang,TE,--,"6' 7""",267 lbs,R,Syracuse,IND
,Sean McKeon49,TE,27,"6' 5""",255 lbs,5,Michigan,IND
,Drew Ogletree85,TE,26,"6' 5""",260 lbs,3,Youngstown State,IND
,Albert Okwuegbunam Jr.84,TE,27,"6' 5""",258 lbs,5,Missouri,IND
,Tyler Warren,TE,22,"6' 6""",257 lbs,R,Penn State,IND
,Jelani Woods80,TE,26,"6' 7""",253 lbs,3,Virginia,IND
,Wesley French62,C,28,"6' 4""",307 lbs,3,Western Michigan,IND
,Danny Pinter63,C,28,"6' 4""",301 lbs,5,Ball State,IND
,Tanor Bortolini60,G,22,"6' 4""",303 lbs,R,Wisconsin,IND
,Quenton Nelson56,G,29,"6' 5""",330 lbs,7,Notre Dame,IND
,Josh Sills66,G,26,"6' 6""",325 lbs,3,Oklahoma State,IND
,Dalton Tucker68,G,25,"6' 6""",307 lbs,R,Marshall,IND
,Marshall Foerner,OT,24,"6' 7""",305 lbs,R,Minnesota State,IND
,Blake Freeland73,OT,24,"6' 7""",302 lbs,2,BYU,IND
,Matt Goncalves71,OT,24,"6' 6""",317 lbs,R,Pittsburgh,IND
,Bernhard Raimann79,OT,27,"6' 6""",303 lbs,3,Central Michigan,IND
,Braden Smith72,OT,29,"6' 6""",312 lbs,7,Auburn,IND
,Luke Tenuta76,OT,25,"6' 8""",314 lbs,R,Virginia Tech,IND
,Jalen Travis,OT,23,"6' 7""",340 lbs,R,Iowa State,IND
,Jack Wilson,OT,--,"6' 11""",310 lbs,R,Minnesota,IND
,Seth Henigan,QB,22,"6' 3""",215 lbs,R,Memphis,JAX
,Trevor Lawrence16,QB,25,"6' 6""",220 lbs,4,Clemson,JAX
,Nick Mullens,QB,30,"6' 0""",210 lbs,6,Southern Miss,JAX
,John Wolford,QB,29,"6' 1""",218 lbs,5,Wake Forest,JAX
,LeQuint Allen36,RB,20,"6' 0""",201 lbs,R,Syracuse,JAX
,Tank Bigsby4,RB,22,"6' 0""",213 lbs,2,Auburn,JAX
,Travis Etienne Jr.1,RB,26,"5' 10""",215 lbs,4,Clemson,JAX
,Ja'Quinden Jackson,RB,--,"6' 2""",233 lbs,R,Arkansas,JAX
,Keilan Robinson31,RB,25,"5' 8""",191 lbs,R,Texas,JAX
,Bhayshul Tuten33,RB,22,"5' 11""",209 lbs,R,Virginia Tech,JAX
,Chandler Brayboy,WR,--,"6' 1""",199 lbs,R,Elon,JAX
,Dyami Brown2,WR,25,"6' 0""",195 lbs,4,North Carolina,JAX
,Cameron Camper,WR,--,"6' 3""",203 lbs,R,Boise State,JAX
,Joshua Cephus80,WR,24,"6' 2""",193 lbs,R,UTSA,JAX
,Travis Hunter12,WR,21,"6' 1""",185 lbs,R,Colorado,JAX
,J.J. Jones,WR,--,"6' 2""",210 lbs,R,North Carolina,JAX
,Eli Pancol,WR,--,"6' 3""",205 lbs,R,Duke,JAX
,Louis Rees-Zammit84,WR,24,"6' 2""",209 lbs,R,--,JAX
,Brian Thomas Jr.7,WR,22,"6' 4""",205 lbs,R,LSU,JAX
,Austin Trammell86,WR,26,"5' 10""",185 lbs,3,Rice,JAX
,Parker Washington11,WR,23,"5' 10""",212 lbs,2,Penn State,JAX
,David White Jr.86,WR,24,"6' 4""",200 lbs,R,Western Carolina,JAX
,Shawn Bowman49,TE,24,"6' 4""",249 lbs,R,Rutgers,JAX
,John Copenhaver,TE,--,"6' 3""",240 lbs,R,North Carolina,JAX
,Patrick Herbert,TE,--,"6' 5""",255 lbs,R,Oregon,JAX
,Hunter Long,TE,26,"6' 5""",243 lbs,4,Boston College,JAX
,Johnny Mundt,TE,30,"6' 4""",233 lbs,7,Oregon,JAX
,Patrick Murtagh88,TE,25,"6' 6""",250 lbs,R,--,JAX
,Brenton Strange85,TE,24,"6' 3""",247 lbs,2,Penn State,JAX
,Luke Fortner79,C,26,"6' 6""",307 lbs,3,Kentucky,JAX
,Robert Hainsey,C,26,"6' 4""",306 lbs,4,Notre Dame,JAX
,Jonah Monheim60,C,22,"6' 5""",310 lbs,R,USC,JAX
,Ezra Cleveland76,G,27,"6' 6""",311 lbs,5,Boise State,JAX
,Dennis Daley78,G,28,"6' 6""",326 lbs,6,South Carolina,JAX
,Chuma Edoga71,G,27,"6' 3""",308 lbs,6,USC,JAX
,Patrick Mekari65,G,27,"6' 4""",305 lbs,6,California,JAX
,Wyatt Milum64,G,23,"6' 6""",317 lbs,R,West Virginia,JAX
,Sal Wormley,G,--,"6' 3""",335 lbs,R,Penn State,JAX
,Javon Foster62,OT,25,"6' 5""",313 lbs,R,Missouri,JAX
,Anton Harrison77,OT,23,"6' 5""",315 lbs,2,Oklahoma,JAX
,Cooper Hodges75,OT,24,"6' 3""",311 lbs,2,App State,JAX
,Fred Johnson,OT,27,"6' 7""",326 lbs,6,Florida,JAX
,Walker Little72,OT,26,"6' 7""",325 lbs,4,Stanford,JAX
,Cole Van Lanen70,OT,27,"6' 4""",312 lbs,4,Wisconsin,JAX
,Patrick Mahomes15,QB,29,"6' 2""",225 lbs,8,Texas Tech,KAN
,Gardner Minshew,QB,28,"6' 1""",225 lbs,6,Washington State,KAN
,Chris Oladokun19,QB,27,"6' 1""",213 lbs,1,South Dakota State,KAN
,Bailey Zappe,QB,26,"6' 1""",215 lbs,3,Western Kentucky,KAN
,Kareem Hunt29,RB,29,"5' 10""",216 lbs,8,Toledo,KAN
,Keaontay Ingram38,RB,25,"6' 0""",220 lbs,3,USC,KAN
,Elijah Mitchell25,RB,27,"5' 10""",200 lbs,4,Louisiana,KAN
,Isiah Pacheco10,RB,26,"5' 10""",216 lbs,3,Rutgers,KAN
,Brashard Smith,RB,22,"5' 10""",196 lbs,R,SMU,KAN
,Carson Steele42,RB,22,"6' 0""",228 lbs,R,UCLA,KAN
,Elijah Young,RB,--,"5' 10""",198 lbs,R,Western Kentucky,KAN
,Elijhah Badger,WR,--,"6' 1""",192 lbs,R,Florida,KAN
,Hollywood Brown5,WR,27,"5' 9""",180 lbs,6,Oklahoma,KAN
,Jason Brownlee89,WR,26,"6' 3""",202 lbs,2,Southern Miss,KAN
,Jimmy Holiday,WR,23,"6' 1""",211 lbs,R,Louisiana Tech,KAN
,Skyy Moore24,WR,24,"5' 10""",195 lbs,3,Western Michigan,KAN
,Nikko Remigio81,WR,25,"5' 9""",187 lbs,1,Fresno State,KAN
,Rashee Rice4,WR,25,"6' 1""",204 lbs,2,SMU,KAN
,Justyn Ross82,WR,25,"6' 4""",210 lbs,3,Clemson,KAN
,Jalen Royals,WR,22,"6' 0""",205 lbs,R,Utah State,KAN
,JuJu Smith-Schuster9,WR,28,"6' 1""",215 lbs,8,USC,KAN
,Tyquan Thornton,WR,24,"6' 2""",182 lbs,3,Baylor,KAN
,Xavier Worthy1,WR,22,"5' 11""",165 lbs,R,Texas,KAN
,Jake Briningstool,TE,--,"6' 6""",240 lbs,R,Clemson,KAN
,Noah Gray83,TE,26,"6' 3""",240 lbs,4,Duke,KAN
,Travis Kelce87,TE,35,"6' 5""",250 lbs,12,Cincinnati,KAN
,Robert Tonyan,TE,31,"6' 5""",240 lbs,7,Indiana State,KAN
,Jared Wiley12,TE,24,"6' 6""",249 lbs,R,TCU,KAN
,Creed Humphrey52,C,25,"6' 4""",302 lbs,4,Oklahoma,KAN
,Hunter Nourzad60,C,24,"6' 3""",317 lbs,R,Penn State,KAN
,Mike Caliendo66,G,27,"6' 4""",301 lbs,2,Western Michigan,KAN
,C.J. Hanson61,G,24,"6' 5""",300 lbs,R,Holy Cross,KAN
,Jaylon Moore76,G,27,"6' 4""",311 lbs,4,Western Michigan,KAN
,Trey Smith65,G,25,"6' 6""",321 lbs,4,Tennessee,KAN
,Ethan Driskell75,OT,24,"6' 8""",313 lbs,R,Marshall,KAN
,Chukwuebuka Godrick72,OT,24,"6' 5""",293 lbs,1,--,KAN
,Wanya Morris64,OT,24,"6' 6""",307 lbs,2,Oklahoma,KAN
,Josh Simmons,OT,22,"6' 5""",310 lbs,R,Ohio State,KAN
,Kingsley Suamataia76,OT,22,"6' 4""",326 lbs,R,BYU,KAN
,Jawaan Taylor74,OT,27,"6' 5""",330 lbs,6,Florida,KAN
,Carter Bradley14,QB,25,"6' 3""",213 lbs,R,South Alabama,LVR
,Cam Miller,QB,23,"6' 1""",212 lbs,R,North Dakota State,LVR
,Aidan O'Connell12,QB,26,"6' 3""",210 lbs,2,Purdue,LVR
,Geno Smith,QB,34,"6' 3""",221 lbs,12,West Virginia,LVR
,Chris Collier33,RB,25,"5' 11""",210 lbs,R,Lock Haven University,LVR
,Ashton Jeanty,RB,21,"5' 9""",215 lbs,R,Boise State,LVR
,Dylan Laube23,RB,25,"5' 10""",208 lbs,R,New Hampshire,LVR
,Sincere McCormick28,RB,24,"5' 9""",205 lbs,2,UTSA,LVR
,Raheem Mostert,RB,33,"5' 10""",205 lbs,10,Purdue,LVR
,Zamir White3,RB,25,"6' 0""",215 lbs,3,Georgia,LVR
,Alex Bachman81,WR,28,"6' 0""",190 lbs,1,Wake Forest,LVR
,Jack Bech,WR,22,"6' 2""",215 lbs,R,TCU,LVR
,Zakhari Franklin,WR,--,"6' 1""",190 lbs,R,Illinois,LVR
,Shedrick Jackson4,WR,25,"6' 1""",200 lbs,1,Auburn,LVR
,Ketron Jackson Jr.,WR,--,"6' 3""",205 lbs,R,Baylor,LVR
,Collin Johnson,WR,27,"6' 6""",222 lbs,4,Texas,LVR
,Tommy Mellott,WR,--,"6' 0""",208 lbs,R,Montana State,LVR
,Jakobi Meyers16,WR,28,"6' 2""",200 lbs,6,NC State,LVR
,Kyle Philips,WR,25,"5' 11""",189 lbs,3,UCLA,LVR
,Key'Shawn Smith,WR,--,"6' 1""",191 lbs,R,SMU,LVR
,Dont'e Thornton Jr.,WR,22,"6' 5""",214 lbs,R,Tennessee,LVR
,Tre Tucker11,WR,24,"5' 9""",185 lbs,2,Cincinnati,LVR
,Brock Bowers89,TE,22,"6' 4""",230 lbs,R,Georgia,LVR
,Pat Conroy,TE,--,"6' 2""",235 lbs,R,Old Dominion,LVR
,Qadir Ismail,TE,25,"6' 6""",232 lbs,R,Samford,LVR
,Michael Mayer87,TE,23,"6' 4""",265 lbs,2,Notre Dame,LVR
,Carter Runyon,TE,--,"6' 6""",235 lbs,R,Towson,LVR
,Justin Shorter88,TE,25,"6' 5""",228 lbs,2,Florida,LVR
,Ian Thomas,TE,28,"6' 4""",260 lbs,7,Indiana,LVR
,Will Putnam67,C,24,"6' 4""",301 lbs,R,Clemson,LVR
,Alex Cappa,G,30,"6' 6""",312 lbs,7,Humboldt State,LVR
,Jordan Meredith61,G,27,"6' 2""",300 lbs,2,Western Kentucky,LVR
,Dylan Parham66,G,25,"6' 3""",285 lbs,3,Memphis,LVR
,Jackson Powers-Johnson58,G,22,"6' 3""",334 lbs,R,Oregon,LVR
,Parker Clements,OL,--,"6' 7""",300 lbs,R,Virginia Tech,LVR
,Jarrod Hufford,OL,--,"6' 5""",320 lbs,R,Iowa State,LVR
,Gottlieb Ayedze72,OT,25,"6' 4""",309 lbs,R,Maryland,LVR
,DJ Glaze71,OT,22,"6' 4""",323 lbs,R,Maryland,LVR
,Charles Grant,OT,23,"6' 4""",300 lbs,R,William & Mary,LVR
,Kolton Miller74,OT,29,"6' 8""",325 lbs,7,UCLA,LVR
,Thayer Munford Jr.77,OT,25,"6' 6""",315 lbs,3,Ohio State,LVR
,Caleb Rogers,OT,23,"6' 5""",310 lbs,R,Texas Tech,LVR
,Dalton Wagner78,OT,26,"6' 8""",320 lbs,2,Arkansas,LVR
,Taylor Heinicke8,QB,32,"6' 1""",210 lbs,10,Old Dominion,LAC
,Justin Herbert10,QB,27,"6' 6""",236 lbs,5,Oregon,LAC
,Trey Lance,QB,25,"6' 4""",226 lbs,4,North Dakota State,LAC
,DJ Uiagalelei,QB,24,"6' 4""",252 lbs,R,Florida State,LAC
,Omarion Hampton,RB,22,"6' 0""",220 lbs,R,North Carolina,LAC
,Najee Harris,RB,27,"6' 1""",242 lbs,4,Alabama,LAC
,Hassan Haskins28,RB,25,"6' 2""",228 lbs,3,Michigan,LAC
,Jaret Patterson34,RB,25,"5' 8""",195 lbs,2,Buffalo,LAC
,Raheim Sanders,RB,--,"6' 0""",230 lbs,R,South Carolina,LAC
,Kimani Vidal30,RB,23,"5' 8""",215 lbs,R,Troy,LAC
,Derius Davis12,WR,24,"5' 8""",165 lbs,2,TCU,LAC
,Dez Fitzpatrick82,WR,27,"6' 2""",208 lbs,2,Louisville,LAC
,Luke Grimm,WR,23,"6' 0""",190 lbs,R,Iowa State,LAC
,Tre Harris,WR,23,"6' 3""",210 lbs,R,Ole Miss,LAC
,Jaylen Johnson39,WR,24,"6' 2""",194 lbs,R,East Carolina,LAC
,Quentin Johnston1,WR,23,"6' 4""",215 lbs,2,TCU,LAC
,KeAndre Lambert-Smith,WR,22,"6' 1""",182 lbs,R,Auburn,LAC
,Ladd McConkey15,WR,23,"6' 0""",185 lbs,R,Georgia,LAC
,Jalen Reagor89,WR,26,"5' 11""",197 lbs,5,TCU,LAC
,Brenden Rice82,WR,23,"6' 3""",210 lbs,R,USC,LAC
,Mike Williams,WR,30,"6' 3""",220 lbs,8,Clemson,LAC
,McCallan Castles46,TE,25,"6' 4""",250 lbs,R,Tennessee,LAC
,Tyler Conklin,TE,29,"6' 3""",248 lbs,8,Central Michigan,LAC
,Will Dissly81,TE,28,"6' 4""",265 lbs,7,Washington,LAC
,Tucker Fisk42,TE,26,"6' 4""",285 lbs,1,Stanford,LAC
,Oronde Gadsden II,TE,21,"6' 5""",236 lbs,R,Syracuse,LAC
,Stevo Klotz,TE,--,"6' 4""",260 lbs,R,Iowa State,LAC
,Jordan Petaia,TE,--,"6' 3""",226 lbs,R,--,LAC
,Bradley Bozeman75,C,30,"6' 3""",317 lbs,7,Alabama,LAC
,Andre James,C,28,"6' 4""",300 lbs,7,UCLA,LAC
,Josh Kaltenberger,C,--,"6' 6""",308 lbs,R,Maryland,LAC
,Karsen Barnhart61,G,24,"6' 5""",316 lbs,R,Michigan,LAC
,Zion Johnson77,G,25,"6' 3""",316 lbs,3,Boston College,LAC
,Nash Jones,G,--,"6' 5""",320 lbs,R,Texas State,LAC
,Jamaree Salyer68,G,24,"6' 4""",325 lbs,3,Georgia,LAC
,Joe Alt76,OT,22,"6' 8""",322 lbs,R,Notre Dame,LAC
,Mekhi Becton,OT,26,"6' 7""",363 lbs,5,Louisville,LAC
,Tyler McLellan74,OT,25,"6' 8""",355 lbs,R,Campbell,LAC
,Trey Pipkins III79,OT,28,"6' 6""",307 lbs,6,Sioux Falls,LAC
,Rashawn Slater70,OT,26,"6' 4""",315 lbs,4,Northwestern,LAC
,Corey Stewart,OT,--,"6' 6""",318 lbs,R,Purdue,LAC
,Branson Taylor,OT,23,"6' 6""",330 lbs,R,Pittsburgh,LAC
,Savion Washington,OT,--,"6' 8""",340 lbs,R,Syracuse,LAC
,Stetson Bennett13,QB,27,"5' 11""",190 lbs,1,Georgia,LAR
,Jimmy Garoppolo11,QB,33,"6' 2""",225 lbs,11,Eastern Illinois,LAR
,Matthew Stafford9,QB,37,"6' 3""",214 lbs,16,Georgia,LAR
,Blake Corum22,RB,24,"5' 8""",210 lbs,R,Michigan,LAR
,Jarquez Hunter,RB,22,"5' 10""",209 lbs,R,Auburn,LAR
,Ronnie Rivers20,RB,26,"5' 9""",192 lbs,3,Fresno State,LAR
,Cody Schrader32,RB,25,"5' 9""",214 lbs,R,Missouri,LAR
,Jordan Waters,RB,--,"6' 0""",215 lbs,R,Northern Illinois,LAR
,Kyren Williams23,RB,24,"5' 9""",202 lbs,3,Notre Dame,LAR
,Davante Adams17,WR,32,"6' 1""",215 lbs,11,Fresno State,LAR
,Tutu Atwell5,WR,25,"5' 9""",165 lbs,4,Louisville,LAR
,Quintez Cephus2,WR,27,"6' 1""",208 lbs,4,Wisconsin,LAR
,Britain Covey,WR,28,"5' 8""",173 lbs,3,Utah,LAR
,Tru Edwards,WR,23,"6' 3""",201 lbs,R,Louisiana Tech,LAR
,Konata Mumpfield,WR,22,"6' 1""",185 lbs,R,Pittsburgh,LAR
,Puka Nacua12,WR,23,"6' 2""",212 lbs,2,BYU,LAR
,Brennan Presley,WR,--,"5' 8""",175 lbs,R,Oklahoma State,LAR
,Xavier Smith19,WR,27,"5' 9""",176 lbs,1,Florida A&M,LAR
,Drake Stoops6,WR,25,"5' 10""",189 lbs,R,Oklahoma,LAR
,Jordan Whittington88,WR,24,"6' 1""",202 lbs,R,Texas,LAR
,Mario Williams,WR,--,"5' 9""",178 lbs,R,Tulane,LAR
,Davis Allen87,TE,24,"6' 6""",251 lbs,2,Clemson,LAR
,Terrance Ferguson,TE,22,"6' 5""",255 lbs,R,Oregon,LAR
,Tyler Higbee89,TE,32,"6' 6""",255 lbs,9,Western Kentucky,LAR
,Colby Parkinson86,TE,26,"6' 7""",265 lbs,5,Stanford,LAR
,Mark Redman,TE,--,"6' 5""",255 lbs,R,Louisville,LAR
,Anthony Torres,TE,--,"6' 6""",250 lbs,R,Toledo,LAR
,Beaux Limmer50,C,23,"6' 5""",312 lbs,R,Arkansas,LAR
,Dylan McMahon63,C,24,"6' 3""",298 lbs,R,NC State,LAR
,Coleman Shelton,C,29,"6' 5""",285 lbs,6,Washington,LAR
,Steve Avila73,G,25,"6' 3""",338 lbs,2,TCU,LAR
,Wyatt Bowles,G,--,"6' 5""",300 lbs,R,Utah State,LAR
,Justin Dedich67,G,25,"6' 2""",300 lbs,R,USC,LAR
,Kevin Dotson69,G,28,"6' 4""",330 lbs,5,Louisiana,LAR
,KT Leveston66,G,25,"6' 4""",336 lbs,R,Kansas State,LAR
,Trey Wedig,G,--,"6' 7""",319 lbs,R,Indiana,LAR
,Ben Dooley,OL,--,"6' 5""",310 lbs,R,Boise State,LAR
,Willie Lampkin,OL,--,"5' 11""",290 lbs,R,North Carolina,LAR
,AJ Arcuri61,OT,27,"6' 7""",308 lbs,2,Michigan State,LAR
,Rob Havenstein79,OT,33,"6' 8""",323 lbs,10,Wisconsin,LAR
,Alaric Jackson77,OT,26,"6' 7""",345 lbs,4,Iowa,LAR
,Warren McClendon Jr.71,OT,24,"6' 4""",317 lbs,2,Georgia,LAR
,Quinn Ewers,QB,22,"6' 2""",210 lbs,R,Texas,MIA
,Tua Tagovailoa1,QB,27,"6' 1""",225 lbs,5,Alabama,MIA
,Zach Wilson,QB,25,"6' 2""",214 lbs,4,BYU,MIA
,De'Von Achane28,RB,23,"5' 9""",188 lbs,2,Texas A&M,MIA
,Ollie Gordon II,RB,21,"6' 2""",225 lbs,R,Oklahoma State,MIA
,Alexander Mattison,RB,26,"5' 11""",220 lbs,6,Boise State,MIA
,Nate Noel,RB,--,"5' 10""",190 lbs,R,Missouri,MIA
,Jaylen Wright25,RB,22,"5' 10""",210 lbs,R,Tennessee,MIA
,Alec Ingold30,FB,28,"6' 1""",232 lbs,6,Wisconsin,MIA
,Andrew Armstrong,WR,--,"6' 4""",202 lbs,R,Arkansas,MIA
,Monaray Baldwin,WR,--,"5' 9""",172 lbs,R,Baylor,MIA
,Tarik Black86,WR,27,"6' 3""",213 lbs,1,Texas,MIA
,Dee Eskridge82,WR,28,"5' 9""",190 lbs,4,Western Michigan,MIA
,Erik Ezukanma84,WR,25,"6' 2""",206 lbs,3,Texas Tech,MIA
,A.J. Henning,WR,--,"5' 10""",192 lbs,R,Northwestern,MIA
,Tyreek Hill10,WR,31,"5' 10""",191 lbs,9,West Alabama,MIA
,Jaylen Waddle17,WR,26,"5' 10""",185 lbs,4,Alabama,MIA
,Malik Washington83,WR,24,"5' 8""",191 lbs,R,Virginia,MIA
,Tahj Washington82,WR,23,"5' 10""",174 lbs,R,USC,MIA
,Theo Wease Jr.,WR,--,"6' 2""",192 lbs,R,Missouri,MIA
,Nick Westbrook-Ikhine,WR,28,"6' 2""",211 lbs,5,Indiana,MIA
,Pharaoh Brown,TE,31,"6' 5""",246 lbs,7,Oregon,MIA
,Tanner Conner80,TE,27,"6' 3""",232 lbs,2,Idaho State,MIA
,Jalin Conyers,TE,--,"6' 4""",265 lbs,R,Texas Tech,MIA
,Julian Hill89,TE,24,"6' 4""",251 lbs,2,Campbell,MIA
,Hayden Rucci87,TE,24,"6' 5""",247 lbs,R,Wisconsin,MIA
,Jonnu Smith9,TE,29,"6' 3""",248 lbs,8,Florida International,MIA
,Sean Harlow64,C,30,"6' 4""",284 lbs,4,Oregon State,MIA
,Andrew Meyer60,C,25,"6' 3""",295 lbs,R,UTEP,MIA
,Aaron Brewer55,G,27,"6' 1""",295 lbs,5,Texas State,MIA
,James Daniels,G,27,"6' 4""",327 lbs,7,Iowa,MIA
,Austin Jackson73,G,25,"6' 5""",320 lbs,5,USC,MIA
,Jonah Savaiinaea,G,21,"6' 5""",336 lbs,R,Arizona,MIA
,Tedi Kushi,OL,--,"6' 7""",305 lbs,R,Western Michigan,MIA
,Josh Priebe,OL,--,"6' 5""",306 lbs,R,Michigan,MIA
,Addison West,OL,--,"6' 3""",305 lbs,R,Western Michigan,MIA
,Larry Borom,OT,26,"6' 5""",333 lbs,4,Missouri,MIA
,Jackson Carman76,OT,25,"6' 5""",322 lbs,4,Clemson,MIA
,Braeden Daniels66,OT,24,"6' 4""",297 lbs,2,Utah,MIA
,Liam Eichenberg74,OT,27,"6' 6""",306 lbs,4,Notre Dame,MIA
,Ryan Hayes78,OT,25,"6' 6""",303 lbs,1,Michigan,MIA
,Bayron Matos79,OT,24,"6' 7""",334 lbs,R,South Florida,MIA
,Patrick Paul52,OT,23,"6' 7""",331 lbs,R,Houston,MIA
,Kion Smith71,OT,26,"6' 5""",306 lbs,2,Fayetteville State,MIA
,Max Brosmer,QB,24,"6' 2""",225 lbs,R,Minnesota,MIN
,Sam Howell,QB,24,"6' 1""",220 lbs,3,North Carolina,MIN
,J.J. McCarthy9,QB,22,"6' 3""",219 lbs,R,Michigan,MIN
,Brett Rypien19,QB,28,"6' 2""",210 lbs,6,Boise State,MIN
,Ty Chandler32,RB,27,"5' 11""",204 lbs,3,North Carolina,MIN
,Aaron Jones33,RB,30,"5' 9""",208 lbs,8,UTEP,MIN
,Jordan Mason24,RB,25,"5' 11""",223 lbs,3,Georgia Tech,MIN
,Zavier Scott36,RB,25,"6' 1""",219 lbs,1,Maine,MIN
,Tre Stewart,RB,22,"5' 10""",192 lbs,R,Jacksonville State,MIN
,C.J. Ham30,FB,31,"5' 11""",250 lbs,8,Augustana University (SD),MIN
,Jordan Addison3,WR,23,"5' 11""",175 lbs,2,USC,MIN
,Silas Bolden,WR,--,"5' 8""",160 lbs,R,Texas,MIN
,Tai Felton,WR,22,"6' 2""",181 lbs,R,Maryland,MIN
,Dontae Fleming,WR,23,"6' 2""",167 lbs,R,Tulane,MIN
,Lucky Jackson81,WR,27,"6' 0""",186 lbs,1,Western Kentucky,MIN
,Justin Jefferson18,WR,25,"6' 1""",195 lbs,5,LSU,MIN
,Jeshaun Jones82,WR,25,"6' 1""",188 lbs,R,Maryland,MIN
,Tim Jones,WR,26,"6' 1""",200 lbs,3,Southern Miss,MIN
,Robert Lewis,WR,--,"5' 10""",188 lbs,R,Auburn,MIN
,Rondale Moore,WR,24,"5' 7""",181 lbs,4,Purdue,MIN
,Jalen Nailor83,WR,26,"6' 0""",190 lbs,3,Michigan State,MIN
,Myles Price,WR,--,"5' 9""",183 lbs,R,Indiana,MIN
,Thayer Thomas89,WR,26,"6' 0""",195 lbs,1,NC State,MIN
,Gavin Bartholomew,TE,22,"6' 5""",250 lbs,R,Pittsburgh,MIN
,T.J. Hockenson87,TE,27,"6' 5""",248 lbs,6,Iowa,MIN
,Bryson Nesbit,TE,22,"6' 5""",235 lbs,R,North Carolina,MIN
,Josh Oliver84,TE,28,"6' 5""",259 lbs,6,San José State,MIN
,Ben Yurosek,TE,23,"6' 4""",245 lbs,R,Georgia,MIN
,Zeke Correll,C,--,"6' 3""",307 lbs,R,NC State,MIN
,Michael Jurgens65,C,25,"6' 4""",311 lbs,R,Wake Forest,MIN
,Ryan Kelly,C,31,"6' 4""",307 lbs,9,Alabama,MIN
,Blake Brandel64,G,28,"6' 7""",315 lbs,4,Oregon State,MIN
,Henry Byrd68,G,25,"6' 5""",310 lbs,1,Princeton,MIN
,Will Fries,G,27,"6' 6""",305 lbs,4,Penn State,MIN
,Joe Huber,G,--,"6' 5""",310 lbs,R,Wisconsin,MIN
,Donovan Jackson,G,22,"6' 4""",320 lbs,R,Ohio State,MIN
,Christian Darrisaw71,OT,25,"6' 5""",315 lbs,4,Virginia Tech,MIN
,Marcellus Johnson72,OT,25,"6' 4""",307 lbs,R,Missouri,MIN
,Brian O'Neill75,OT,29,"6' 7""",310 lbs,7,Pittsburgh,MIN
,Walter Rouse78,OT,24,"6' 6""",313 lbs,R,Oklahoma,MIN
,Justin Skule77,OT,28,"6' 6""",315 lbs,6,Vanderbilt,MIN
,Leroy Watson IV72,OT,26,"6' 5""",310 lbs,2,UTSA,MIN
,Joshua Dobbs11,QB,30,"6' 3""",220 lbs,8,Tennessee,NWE
,Drake Maye10,QB,22,"6' 4""",225 lbs,R,North Carolina,NWE
,Ben Wooldridge,QB,--,"6' 3""",216 lbs,R,Louisiana,NWE
,Antonio Gibson4,RB,26,"6' 0""",228 lbs,5,Memphis,NWE
,TreVeyon Henderson,RB,22,"5' 10""",208 lbs,R,Ohio State,NWE
,Terrell Jennings26,RB,24,"6' 0""",217 lbs,R,Florida A&M,NWE
,Lan Larison,RB,--,"6' 0""",215 lbs,R,UC Davis,NWE
,Rhamondre Stevenson38,RB,27,"6' 0""",227 lbs,4,Oklahoma,NWE
,Trayveon Williams32,RB,27,"5' 8""",210 lbs,R,Texas A&M,NWE
,Brock Lampe,FB,--,"6' 1""",252 lbs,R,Northern Illinois,NWE
,Javon Baker6,WR,23,"6' 1""",202 lbs,R,UCF,NWE
,Demeer Blankumsee,WR,--,"5' 10""",185 lbs,R,Memphis,NWE
,Kendrick Bourne84,WR,29,"6' 1""",205 lbs,8,Eastern Washington,NWE
,Kayshon Boutte9,WR,23,"5' 11""",197 lbs,2,LSU,NWE
,Efton Chism III,WR,--,"5' 11""",200 lbs,R,Eastern Washington,NWE
,Stefon Diggs,WR,31,"6' 0""",191 lbs,11,Maryland,NWE
,DeMario Douglas3,WR,24,"5' 8""",192 lbs,2,Liberty,NWE
,Mack Hollins13,WR,31,"6' 4""",221 lbs,8,North Carolina,NWE
,Jalen Hurd13,WR,29,"6' 5""",230 lbs,4,Baylor,NWE
,John Jiles83,WR,24,"6' 3""",220 lbs,R,West Florida,NWE
,Ja'Lynn Polk1,WR,23,"6' 1""",203 lbs,R,Washington,NWE
,Jeremiah Webb,WR,--,"6' 0""",196 lbs,R,South Alabama,NWE
,Kyle Williams,WR,22,"6' 0""",186 lbs,R,Washington State,NWE
,Jaheim Bell88,TE,23,"6' 2""",241 lbs,R,Florida State,NWE
,Hunter Henry85,TE,30,"6' 5""",249 lbs,9,Arkansas,NWE
,Austin Hooper81,TE,30,"6' 4""",254 lbs,9,Stanford,NWE
,Gee Scott Jr.,TE,--,"6' 3""",243 lbs,R,Ohio State,NWE
,Jack Westover87,TE,25,"6' 2""",245 lbs,R,Washington,NWE
,Mitchell Wilcox86,TE,28,"6' 4""",250 lbs,4,South Florida,NWE
,Garrett Bradbury55,C,29,"6' 3""",300 lbs,7,NC State,NWE
,Ben Brown77,C,26,"6' 5""",313 lbs,2,Ole Miss,NWE
,Jared Wilson,C,21,"6' 3""",310 lbs,R,Georgia,NWE
,Mehki Butler,G,--,"6' 3""",320 lbs,R,Arkansas State,NWE
,Layden Robinson64,G,24,"6' 3""",311 lbs,R,Texas A&M,NWE
,Tyrese Robinson65,G,25,"6' 3""",319 lbs,1,Oklahoma,NWE
,Wes Schweitzer66,G,31,"6' 4""",300 lbs,9,San José State,NWE
,Sidy Sow62,G,26,"6' 5""",318 lbs,2,Eastern Michigan,NWE
,Cole Strange69,G,26,"6' 5""",310 lbs,3,Chattanooga,NWE
,Jack Conley,OL,--,"6' 7""",325 lbs,R,Boston College,NWE
,Marcus Bryant,OT,22,"6' 8""",318 lbs,R,Missouri,NWE
,Will Campbell66,OT,21,"6' 6""",323 lbs,R,LSU,NWE
,Demontrey Jacobs75,OT,26,"6' 6""",315 lbs,1,South Florida,NWE
,Vederian Lowe59,OT,26,"6' 5""",315 lbs,3,Illinois,NWE
,Morgan Moses76,OT,34,"6' 6""",320 lbs,11,Virginia,NWE
,Mike Onwenu71,OT,27,"6' 3""",350 lbs,5,Michigan,NWE
,Caedan Wallace70,OT,25,"6' 5""",314 lbs,R,Penn State,NWE
,Hunter Dekkers,QB,--,"6' 3""",225 lbs,R,Iowa Western Community,NOR
,Jake Haener3,QB,26,"6' 1""",200 lbs,2,Fresno State,NOR
,Spencer Rattler18,QB,24,"6' 0""",211 lbs,R,South Carolina,NOR
,Tyler Shough,QB,25,"6' 5""",225 lbs,R,Louisville,NOR
,Clyde Edwards-Helaire23,RB,26,"5' 7""",207 lbs,5,LSU,NOR
,Alvin Kamara41,RB,29,"5' 10""",215 lbs,8,Tennessee,NOR
,Kendre Miller25,RB,22,"6' 0""",220 lbs,2,TCU,NOR
,Devin Neal,RB,21,"5' 11""",215 lbs,R,Kansas,NOR
,Xazavian Valladay34,RB,26,"6' 0""",198 lbs,1,Arizona State,NOR
,Marcus Yarns,RB,--,"5' 11""",190 lbs,R,Delaware,NOR
,Kevin Austin Jr.81,WR,25,"6' 2""",200 lbs,1,Notre Dame,NOR
,Brandin Cooks,WR,31,"5' 10""",189 lbs,11,Oregon State,NOR
,Moochie Dixon,WR,--,"6' 0""",189 lbs,R,SMU,NOR
,Velus Jones Jr.,WR,28,"6' 0""",200 lbs,4,Tennessee,NOR
,Bub Means16,WR,24,"6' 2""",215 lbs,R,Pittsburgh,NOR
,Chris Olave12,WR,24,"6' 0""",187 lbs,3,Ohio State,NOR
,Dante Pettis17,WR,29,"6' 1""",195 lbs,6,Washington,NOR
,Rashid Shaheed22,WR,26,"6' 0""",180 lbs,3,Weber State,NOR
,Mason Tipton84,WR,24,"5' 11""",187 lbs,R,Yale,NOR
,Chris Tyree,WR,--,"5' 10""",190 lbs,R,Virginia,NOR
,Cedrick Wilson Jr.11,WR,30,"6' 2""",197 lbs,7,Boise State,NOR
,Taysom Hill7,TE,34,"6' 2""",221 lbs,8,BYU,NOR
,Dallin Holker85,TE,25,"6' 3""",241 lbs,R,Colorado State,NOR
,Michael Jacobson86,TE,28,"6' 7""",244 lbs,1,Iowa State,NOR
,Juwan Johnson83,TE,28,"6' 4""",231 lbs,5,Oregon,NOR
,Moliki Matavao,TE,22,"6' 6""",263 lbs,R,UCLA,NOR
,Foster Moreau87,TE,28,"6' 4""",250 lbs,6,LSU,NOR
,Jack Stoll,TE,27,"6' 4""",247 lbs,4,Nebraska,NOR
,Treyton Welch82,TE,24,"6' 4""",240 lbs,R,Wyoming,NOR
,Will Clapp,C,28,"6' 5""",311 lbs,7,LSU,NOR
,Erik McCoy78,C,27,"6' 4""",303 lbs,6,Texas A&M,NOR
,Cesar Ruiz51,C,25,"6' 4""",316 lbs,5,Michigan,NOR
,Torricelli Simpkins III,C,--,"6' 5""",319 lbs,R,South Carolina,NOR
,Kyle Hergel60,G,25,"6' 2""",315 lbs,R,Boston College,NOR
,Josh Ball79,OT,26,"6' 8""",304 lbs,4,Marshall,NOR
,Kelvin Banks Jr.,OT,21,"6' 4""",320 lbs,R,Texas,NOR
,Josiah Ezirim72,OT,23,"6' 6""",329 lbs,R,Eastern Kentucky,NOR
,Taliese Fuaga75,OT,23,"6' 6""",324 lbs,R,Oregon State,NOR
,Easton Kilty,OT,--,"6' 6""",307 lbs,R,Kansas State,NOR
,Trevor Penning70,OT,25,"6' 7""",325 lbs,3,Northern Iowa,NOR
,Dillon Radunz75,OT,27,"6' 6""",301 lbs,4,North Dakota State,NOR
,Nick Saldiveri64,OT,24,"6' 6""",316 lbs,2,Old Dominion,NOR
,Landon Young67,OT,27,"6' 7""",321 lbs,4,Kentucky,NOR
,Jaxson Dart,QB,22,"6' 2""",225 lbs,R,Ole Miss,NYG
,Tommy DeVito15,QB,26,"6' 2""",210 lbs,2,Illinois,NYG
,Russell Wilson3,QB,36,"5' 11""",206 lbs,14,Wisconsin,NYG
,Jameis Winston,QB,31,"6' 4""",230 lbs,10,Florida State,NYG
,Rushawn Baker,RB,--,"6' 0""",225 lbs,R,Elon,NYG
,Eric Gray20,RB,25,"5' 10""",211 lbs,2,Oklahoma,NYG
,Dante Miller25,RB,26,"5' 9""",200 lbs,R,South Carolina,NYG
,Devin Singletary26,RB,27,"5' 7""",203 lbs,6,Florida Atlantic,NYG
,Cam Skattebo,RB,23,"5' 11""",215 lbs,R,Arizona State,NYG
,Tyrone Tracy Jr.29,RB,25,"5' 11""",210 lbs,R,Purdue,NYG
,Jordan Bly,WR,--,--,170 lbs,R,Gardner-Webb,NYG
,Dalen Cambre,WR,24,"6' 0""",192 lbs,R,Louisiana,NYG
,Beaux Collins,WR,--,"6' 3""",202 lbs,R,Notre Dame,NYG
,Da'Quan Felton,WR,--,"6' 5""",216 lbs,R,Virginia Tech,NYG
,Bryce Ford-Wheaton88,WR,25,"6' 3""",220 lbs,2,West Virginia,NYG
,Lil'Jordan Humphrey,WR,27,"6' 4""",225 lbs,5,Texas,NYG
,Jalin Hyatt13,WR,23,"6' 0""",185 lbs,2,Tennessee,NYG
,Nate McCollum,WR,--,"5' 9""",185 lbs,R,North Carolina,NYG
,Malik Nabers1,WR,21,"6' 0""",200 lbs,R,LSU,NYG
,Zach Pascal,WR,30,"6' 2""",215 lbs,7,Old Dominion,NYG
,Wan'Dale Robinson17,WR,24,"5' 8""",185 lbs,3,Kentucky,NYG
,Darius Slayton86,WR,28,"6' 1""",198 lbs,6,Auburn,NYG
,Ihmir Smith-Marsette87,WR,25,"6' 1""",185 lbs,4,Iowa,NYG
,Montrell Washington,WR,26,"5' 10""",170 lbs,3,Samford,NYG
,Antwane Wells Jr.,WR,--,"6' 0""",205 lbs,R,Ole Miss,NYG
,Daniel Bellinger82,TE,24,"6' 6""",255 lbs,3,San Diego State,NYG
,Greg Dulcich89,TE,25,"6' 4""",245 lbs,3,UCLA,NYG
,Thomas Fidone II,TE,22,"6' 6""",255 lbs,R,Nebraska,NYG
,Theo Johnson84,TE,24,"6' 6""",264 lbs,R,Penn State,NYG
,Chris Manhertz85,TE,33,"6' 6""",235 lbs,9,Canisius,NYG
,Jermaine Terry II,TE,--,"6' 4""",245 lbs,R,Oregon State,NYG
,Bryan Hudson60,C,24,"6' 5""",305 lbs,R,Louisville,NYG
,Jimmy Morrissey67,C,26,"6' 4""",305 lbs,3,Pittsburgh,NYG
,Austin Schlottmann65,C,29,"6' 6""",300 lbs,6,TCU,NYG
,John Michael Schmitz Jr.61,C,26,"6' 4""",320 lbs,2,Minnesota,NYG
,Jermaine Eluemunor72,G,30,"6' 4""",338 lbs,8,Texas A&M,NYG
,Joshua Ezeudu75,G,25,"6' 4""",310 lbs,3,North Carolina,NYG
,Jake Kubas63,G,24,"6' 4""",308 lbs,R,North Dakota State,NYG
,Marcus Mbow,G,22,"6' 5""",300 lbs,R,Purdue,NYG
,Jon Runyan76,G,27,"6' 4""",307 lbs,5,Michigan,NYG
,Aaron Stinnie64,G,31,"6' 3""",312 lbs,7,James Madison,NYG
,Greg Van Roten74,G,35,"6' 4""",295 lbs,10,Pennsylvania,NYG
,Jaison Williams,OL,--,"6' 4""",320 lbs,R,Youngstown State,NYG
,Stone Forsythe78,OT,27,"6' 8""",307 lbs,4,Florida,NYG
,James Hudson III,OT,26,"6' 5""",313 lbs,4,Cincinnati,NYG
,Evan Neal73,OT,24,"6' 7""",340 lbs,3,Alabama,NYG
,Braylen Nelson,OT,--,"6' 6""",320 lbs,R,Fresno State,NYG
,Andrew Thomas78,OT,26,"6' 5""",315 lbs,5,Georgia,NYG
,Brady Cook,QB,23,"6' 2""",215 lbs,R,Missouri,NYJ
,Justin Fields2,QB,26,"6' 3""",227 lbs,4,Ohio State,NYJ
,Adrian Martinez15,QB,25,"6' 2""",220 lbs,1,Kansas State,NYJ
,Tyrod Taylor2,QB,35,"6' 1""",217 lbs,14,Virginia Tech,NYJ
,Braelon Allen0,RB,21,"6' 1""",235 lbs,R,Wisconsin,NYJ
,Isaiah Davis32,RB,23,"6' 1""",220 lbs,R,South Dakota State,NYJ
,Donovan Edwards,RB,--,"6' 1""",212 lbs,R,Michigan,NYJ
,Zach Evans38,RB,23,"5' 11""",202 lbs,2,Ole Miss,NYJ
,Breece Hall20,RB,23,"6' 1""",220 lbs,3,Iowa State,NYJ
,Kene Nwangwu34,RB,27,"6' 1""",213 lbs,4,Iowa State,NYJ
,Andrew Beck,FB,28,"6' 3""",255 lbs,6,Texas,NYJ
,Irvin Charles19,WR,28,"6' 4""",219 lbs,2,Indiana-Pennsylvania,NYJ
,Malachi Corley14,WR,23,"5' 11""",215 lbs,R,Western Kentucky,NYJ
,Xavier Gipson82,WR,24,"5' 9""",189 lbs,2,Stephen F. Austin,NYJ
,Tyler Johnson,WR,26,"6' 1""",208 lbs,5,Minnesota,NYJ
,Allen Lazard10,WR,29,"6' 5""",227 lbs,6,Iowa State,NYJ
,Dymere Miller0,WR,--,"5' 11""",184 lbs,R,Rutgers,NYJ
,Jamaal Pritchett,WR,--,"5' 8""",175 lbs,R,South Alabama,NYJ
,Josh Reynolds,WR,30,"6' 3""",192 lbs,7,Texas A&M,NYJ
,Quentin Skinner,WR,--,"6' 5""",195 lbs,R,Kansas,NYJ
,Arian Smith,WR,23,"6' 0""",185 lbs,R,Georgia,NYJ
,Brandon Smith87,WR,26,"6' 2""",220 lbs,1,Iowa,NYJ
,Garrett Wilson5,WR,24,"6' 0""",183 lbs,3,Ohio State,NYJ
,Pokey Wilson,WR,25,"6' 0""",181 lbs,R,Florida State,NYJ
,Neal Johnson46,TE,23,"6' 4""",250 lbs,R,Louisiana,NYJ
,Zack Kuntz81,TE,25,"6' 8""",251 lbs,1,Old Dominion,NYJ
,Jeremy Ruckert89,TE,24,"6' 5""",250 lbs,3,Ohio State,NYJ
,Stone Smartt84,TE,26,"6' 4""",226 lbs,3,Old Dominion,NYJ
,Mason Taylor,TE,21,"6' 5""",255 lbs,R,LSU,NYJ
,Gus Hartwig,C,--,"6' 5""",305 lbs,R,Purdue,NYJ
,Josh Myers,C,26,"6' 5""",310 lbs,4,Ohio State,NYJ
,Joe Tippmann66,C,24,"6' 6""",313 lbs,2,Wisconsin,NYJ
,Zack Bailey69,G,29,"6' 5""",299 lbs,3,South Carolina,NYJ
,Kohl Levao64,G,27,"6' 5""",324 lbs,1,Hawai'i,NYJ
,Xavier Newman65,G,25,"6' 2""",297 lbs,2,Baylor,NYJ
,John Simpson76,G,27,"6' 4""",330 lbs,5,Clemson,NYJ
,Alijah Vera-Tucker75,G,25,"6' 5""",308 lbs,4,USC,NYJ
,Leander Wiegand,G,--,"6' 5""",290 lbs,R,UCF,NYJ
,Obinna Eze68,OT,26,"6' 8""",325 lbs,1,TCU,NYJ
,Olu Fashanu74,OT,22,"6' 6""",312 lbs,R,Penn State,NYJ
,Armand Membou,OT,21,"6' 3""",314 lbs,R,Missouri,NYJ
,Max Mitchell61,OT,25,"6' 6""",307 lbs,3,Louisiana,NYJ
,Chukwuma Okorafor,OT,27,"6' 6""",320 lbs,7,Western Michigan,NYJ
,Carter Warren67,OT,26,"6' 5""",311 lbs,2,Pittsburgh,NYJ
,Jalen Hurts1,QB,26,"6' 1""",223 lbs,5,Oklahoma,PHI
,Kyle McCord,QB,22,"6' 3""",220 lbs,R,Syracuse,PHI
,Tanner McKee16,QB,25,"6' 6""",231 lbs,2,Stanford,PHI
,Dorian Thompson-Robinson,QB,25,"6' 2""",203 lbs,2,UCLA,PHI
,Saquon Barkley26,RB,28,"6' 0""",233 lbs,7,Penn State,PHI
,AJ Dillon,RB,27,"6' 0""",247 lbs,5,Boston College,PHI
,Montrell Johnson Jr.,RB,--,"5' 11""",216 lbs,R,Florida,PHI
,Lew Nichols,RB,23,"5' 10""",220 lbs,1,Central Michigan,PHI
,ShunDerrick Powell,RB,--,"5' 9""",180 lbs,R,Central Arkansas,PHI
,Will Shipley28,RB,22,"5' 11""",209 lbs,R,Clemson,PHI
,Avery Williams,RB,26,"5' 9""",195 lbs,4,Boise State,PHI
,A.J. Brown11,WR,27,"6' 1""",226 lbs,6,Ole Miss,PHI
,Elijah Cooks,WR,26,"6' 4""",215 lbs,2,San José State,PHI
,Darius Cooper6,WR,--,"6' 0""",190 lbs,4,Tarleton State,PHI
,Jahan Dotson83,WR,25,"5' 11""",184 lbs,3,Penn State,PHI
,Danny Gray41,WR,26,"6' 0""",200 lbs,3,SMU,PHI
,Giles Jackson42,WR,23,"5' 9""",187 lbs,R,Washington,PHI
,Terrace Marshall Jr.,WR,24,"6' 2""",200 lbs,4,LSU,PHI
,Taylor Morin,WR,--,"5' 11""",185 lbs,R,Wake Forest,PHI
,Ainias Smith82,WR,23,"5' 9""",176 lbs,R,Texas A&M,PHI
,DeVonta Smith6,WR,26,"6' 0""",170 lbs,4,Alabama,PHI
,Johnny Wilson89,WR,24,"6' 6""",228 lbs,R,Florida State,PHI
,Harrison Bryant,TE,27,"6' 5""",230 lbs,5,Florida Atlantic,PHI
,Grant Calcaterra81,TE,26,"6' 4""",240 lbs,3,SMU,PHI
,Dallas Goedert88,TE,30,"6' 5""",256 lbs,7,South Dakota State,PHI
,Kylen Granson,TE,27,"6' 3""",242 lbs,4,SMU,PHI
,E.J. Jenkins84,TE,26,"6' 6""",245 lbs,1,Georgia Tech,PHI
,Cameron Latu,TE,25,"6' 5""",244 lbs,2,Alabama,PHI
,Nick Muse87,TE,26,"6' 5""",252 lbs,3,South Carolina,PHI
,Cam Jurgens51,C,25,"6' 3""",303 lbs,3,Nebraska,PHI
,Drew Kendall,C,23,"6' 4""",299 lbs,R,Boston College,PHI
,Landon Dickerson69,G,26,"6' 6""",332 lbs,4,Alabama,PHI
,Kenyon Green,G,24,"6' 4""",325 lbs,3,Texas A&M,PHI
,Trevor Keegan79,G,24,"6' 5""",306 lbs,R,Michigan,PHI
,Tyler Steen56,G,24,"6' 6""",321 lbs,2,Alabama,PHI
,Le'Raven Clark73,OT,32,"6' 5""",319 lbs,8,Texas Tech,PHI
,Myles Hinton,OT,23,"6' 6""",342 lbs,R,Michigan,PHI
,Lane Johnson65,OT,35,"6' 6""",325 lbs,12,Oklahoma,PHI
,Darian Kinnard72,OT,25,"6' 5""",322 lbs,2,Kentucky,PHI
,Kendall Lamm,OT,32,"6' 5""",308 lbs,9,App State,PHI
,Jordan Mailata68,OT,28,"6' 8""",365 lbs,7,--,PHI
,Hollin Pierce,OT,--,"6' 8""",344 lbs,R,Rutgers,PHI
,Matt Pryor,OT,30,"6' 7""",332 lbs,7,TCU,PHI
,Brett Toth64,OT,28,"6' 6""",304 lbs,6,Army,PHI
,Laekin Vakalahi67,OT,22,"6' 5""",320 lbs,R,--,PHI
,Cameron Williams,OT,21,"6' 5""",335 lbs,R,Texas,PHI
,Will Howard,QB,23,"6' 4""",235 lbs,R,Ohio State,PIT
,Mason Rudolph,QB,29,"6' 5""",235 lbs,7,Oklahoma State,PIT
,Skylar Thompson,QB,27,"6' 2""",219 lbs,3,Kansas State,PIT
,Kenneth Gainwell,RB,26,"5' 9""",200 lbs,4,Memphis,PIT
,Evan Hull,RB,24,"5' 10""",209 lbs,2,Northwestern,PIT
,Max Hurleman,RB,--,"5' 11""",201 lbs,R,Notre Dame,PIT
,Kaleb Johnson,RB,21,"6' 0""",225 lbs,R,Iowa,PIT
,Cordarrelle Patterson84,RB,34,"6' 2""",220 lbs,12,Tennessee,PIT
,Trey Sermon,RB,26,"6' 0""",215 lbs,5,Ohio State,PIT
,Jonathan Ward35,RB,27,"6' 0""",202 lbs,5,Central Michigan,PIT
,Jaylen Warren30,RB,26,"5' 8""",215 lbs,3,Oklahoma State,PIT
,DJ Thomas-Jones,FB,22,"6' 2""",256 lbs,R,South Alabama,PIT
,Calvin Austin III19,WR,26,"5' 9""",162 lbs,3,Memphis,PIT
,Brandon Johnson89,WR,26,"6' 2""",195 lbs,3,UCF,PIT
,Lance McCutcheon82,WR,26,"6' 3""",202 lbs,2,Montana State,PIT
,DK Metcalf14,WR,27,"6' 4""",235 lbs,6,Ole Miss,PIT
,Scotty Miller13,WR,27,"5' 9""",174 lbs,6,Bowling Green,PIT
,Ben Skowronek15,WR,27,"6' 3""",224 lbs,4,Notre Dame,PIT
,Roc Taylor,WR,--,"6' 3""",215 lbs,R,Memphis,PIT
,Ke'Shawn Williams,WR,--,"5' 9""",189 lbs,R,Indiana,PIT
,Roman Wilson10,WR,23,"5' 10""",186 lbs,R,Michigan,PIT
,Robert Woods,WR,33,"6' 0""",193 lbs,12,USC,PIT
,Pat Freiermuth88,TE,26,"6' 5""",258 lbs,4,Penn State,PIT
,JJ Galbreath,TE,--,"6' 4""",240 lbs,R,South Dakota,PIT
,Connor Heyward83,TE,26,"6' 0""",230 lbs,3,Michigan State,PIT
,Donald Parham Jr.,TE,27,"6' 8""",237 lbs,5,Stetson,PIT
,Darnell Washington80,TE,23,"6' 7""",264 lbs,2,Georgia,PIT
,Zach Frazier54,C,23,"6' 3""",310 lbs,R,West Virginia,PIT
,Ryan McCollum62,C,27,"6' 5""",300 lbs,2,Texas A&M,PIT
,Spencer Anderson74,G,24,"6' 5""",305 lbs,2,Maryland,PIT
,Steven Jones,G,24,"6' 5""",340 lbs,R,Oregon,PIT
,Mason McCormick66,G,24,"6' 5""",315 lbs,R,South Dakota State,PIT
,Doug Nester72,G,24,"6' 6""",306 lbs,R,West Virginia,PIT
,Max Scharping64,G,28,"6' 6""",327 lbs,6,Northern Illinois,PIT
,Isaac Seumalo73,G,31,"6' 4""",303 lbs,9,Oregon State,PIT
,Lecitus Smith,G,26,"6' 3""",314 lbs,2,Virginia Tech,PIT
,Aiden Williams,G,--,"6' 6""",295 lbs,R,Minnesota Duluth,PIT
,Gareth Warren,OL,--,"6' 6""",328 lbs,R,Lindenwood,PIT
,Calvin Anderson67,OT,29,"6' 5""",300 lbs,6,Texas,PIT
,Dylan Cook60,OT,27,"6' 6""",305 lbs,2,Montana,PIT
,Troy Fautanu76,OT,24,"6' 4""",317 lbs,R,Washington,PIT
,Broderick Jones77,OT,23,"6' 5""",311 lbs,2,Georgia,PIT
,Sam Darnold14,QB,27,"6' 3""",225 lbs,7,USC,SEA
,Drew Lock,QB,28,"6' 4""",228 lbs,6,Missouri,SEA
,Jalen Milroe,QB,22,"6' 2""",225 lbs,R,Alabama,SEA
,Zach Charbonnet26,RB,24,"6' 1""",214 lbs,2,UCLA,SEA
,George Holani36,RB,25,"5' 11""",210 lbs,R,Boise State,SEA
,Damien Martinez,RB,21,"6' 0""",232 lbs,R,Miami,SEA
,Kenny McIntosh25,RB,25,"6' 0""",204 lbs,2,Georgia,SEA
,Kenneth Walker III9,RB,24,"5' 9""",211 lbs,3,Michigan State,SEA
,Jacardia Wright9,RB,--,"6' 0""",220 lbs,4,Missouri State,SEA
,Jake Bobo19,WR,26,"6' 4""",207 lbs,2,UCLA,SEA
,Tyrone Broden,WR,--,"6' 7""",200 lbs,R,Arkansas,SEA
,Montorie Foster Jr.,WR,--,"6' 0""",186 lbs,R,Michigan State,SEA
,Tory Horton,WR,22,"6' 3""",185 lbs,R,Colorado State,SEA
,Cooper Kupp10,WR,31,"6' 2""",207 lbs,8,Eastern Washington,SEA
,John Rhys Plumlee17,WR,24,"6' 0""",200 lbs,R,UCF,SEA
,Steven Sims,WR,28,"5' 10""",190 lbs,4,Kansas,SEA
,Jaxon Smith-Njigba11,WR,23,"6' 0""",197 lbs,2,Ohio State,SEA
,Marquez Valdes-Scantling,WR,30,"6' 4""",206 lbs,7,South Florida,SEA
,Cody White82,WR,26,"6' 3""",215 lbs,2,Michigan State,SEA
,Ricky White III,WR,23,"6' 1""",190 lbs,R,UNLV,SEA
,Dareke Young83,WR,25,"6' 2""",224 lbs,3,Lenoir-Rhyne,SEA
,Elijah Arroyo,TE,22,"6' 4""",245 lbs,R,Miami,SEA
,AJ Barner88,TE,23,"6' 6""",251 lbs,R,Michigan,SEA
,Noah Fant87,TE,27,"6' 4""",249 lbs,6,Iowa,SEA
,Nick Kallerup,TE,--,"6' 5""",270 lbs,R,Minnesota,SEA
,Marshall Lang88,TE,--,"6' 4""",246 lbs,4,Northwestern,SEA
,Robbie Ouzts,TE,22,"6' 4""",270 lbs,R,Alabama,SEA
,Brady Russell38,TE,26,"6' 3""",250 lbs,2,Colorado,SEA
,Eric Saubert,TE,31,"6' 5""",248 lbs,7,Drake,SEA
,Olu Oluwatimi51,C,25,"6' 3""",309 lbs,1,Michigan,SEA
,Anthony Bradford75,G,24,"6' 5""",332 lbs,2,LSU,SEA
,Christian Haynes64,G,25,"6' 2""",318 lbs,R,UConn,SEA
,Grey Zabel,G,23,"6' 6""",305 lbs,R,North Dakota State,SEA
,AJ Gillie,OL,--,"6' 2""",328 lbs,R,Louisiana,SEA
,Federico Maranges64,OL,--,"6' 4""",300 lbs,4,Florida Atlantic,SEA
,Malaesala Aumavae-Laulu,OT,25,"6' 5""",344 lbs,2,Oregon,SEA
,Bryce Cabeldue,OT,23,"6' 6""",315 lbs,R,Kansas,SEA
,Charles Cross67,OT,24,"6' 5""",311 lbs,3,Mississippi State,SEA
,Michael Jerrell65,OT,25,"6' 5""",294 lbs,R,Findlay,SEA
,Josh Jones,OT,27,"6' 5""",339 lbs,5,Houston,SEA
,Amari Kight,OT,--,"6' 7""",318 lbs,R,UCF,SEA
,Sataoa Laumea63,OT,24,"6' 4""",319 lbs,R,Utah,SEA
,Abraham Lucas72,OT,26,"6' 6""",322 lbs,3,Washington State,SEA
,Mason Richman,OT,23,"6' 6""",312 lbs,R,Iowa,SEA
,Jalen Sundell61,OT,25,"6' 5""",301 lbs,R,North Dakota State,SEA
,Mac Jones,QB,26,"6' 3""",214 lbs,4,Alabama,SFO
,Tanner Mordecai4,QB,25,"6' 2""",218 lbs,R,Wisconsin,SFO
,Brock Purdy13,QB,25,"6' 1""",220 lbs,3,Iowa State,SFO
,Kurtis Rourke,QB,24,"6' 5""",223 lbs,R,Indiana,SFO
,Israel Abanikanda47,RB,22,"5' 10""",216 lbs,2,Pittsburgh,SFO
,Isaac Guerendo31,RB,24,"6' 0""",221 lbs,R,Louisville,SFO
,Jordan James,RB,21,"5' 10""",210 lbs,R,Oregon,SFO
,Corey Kiner,RB,--,"5' 9""",210 lbs,R,Cincinnati,SFO
,Christian McCaffrey23,RB,28,"5' 11""",210 lbs,8,Stanford,SFO
,Patrick Taylor Jr.32,RB,27,"6' 2""",217 lbs,4,Memphis,SFO
,Kyle Juszczyk44,FB,34,"6' 2""",235 lbs,12,Harvard,SFO
,Brandon Aiyuk11,WR,27,"6' 0""",200 lbs,5,Arizona State,SFO
,Junior Bergen,WR,--,"5' 11""",184 lbs,R,Montana,SFO
,Jacob Cowing19,WR,24,"5' 9""",171 lbs,R,Arizona,SFO
,Russell Gage84,WR,29,"6' 0""",184 lbs,7,LSU,SFO
,Isaiah Hodgins87,WR,26,"6' 3""",200 lbs,4,Oregon State,SFO
,Jauan Jennings15,WR,27,"6' 3""",212 lbs,4,Tennessee,SFO
,Isaiah Neyor,WR,--,"6' 4""",220 lbs,R,Nebraska,SFO
,Terique Owens83,WR,25,"6' 3""",193 lbs,R,Missouri State,SFO
,Ricky Pearsall14,WR,24,"6' 3""",192 lbs,R,Florida,SFO
,Demarcus Robinson15,WR,30,"6' 1""",202 lbs,8,Florida,SFO
,Trent Taylor81,WR,31,"5' 8""",178 lbs,7,Louisiana Tech,SFO
,Jordan Watkins,WR,23,"5' 11""",200 lbs,R,Ole Miss,SFO
,Ross Dwelley,TE,30,"6' 5""",235 lbs,7,San Diego,SFO
,Luke Farrell89,TE,27,"6' 5""",250 lbs,4,Ohio State,SFO
,George Kittle85,TE,31,"6' 4""",250 lbs,8,Iowa,SFO
,Mason Pline89,TE,25,"6' 6""",254 lbs,R,Furman,SFO
,Jake Tonges88,TE,25,"6' 4""",240 lbs,2,California,SFO
,Brayden Willis9,TE,25,"6' 4""",240 lbs,2,Oklahoma,SFO
,Jake Brendel64,C,32,"6' 4""",299 lbs,8,UCLA,SFO
,Matt Hennessy75,C,27,"6' 3""",315 lbs,4,Temple,SFO
,Drake Nugent66,C,24,"6' 1""",298 lbs,R,Michigan,SFO
,Ben Bartch78,G,26,"6' 6""",315 lbs,5,Saint John's (MN),SFO
,Connor Colby,G,22,"6' 6""",310 lbs,R,Iowa,SFO
,Zack Johnson,G,28,"6' 6""",301 lbs,1,North Dakota State,SFO
,Drew Moss,G,--,"6' 4""",300 lbs,R,Colorado State,SFO
,Dominick Puni77,G,25,"6' 5""",313 lbs,R,Kansas,SFO
,Isaac Alarcon67,OT,26,"6' 7""",320 lbs,1,--,SFO
,Spencer Burford74,OT,24,"6' 4""",300 lbs,3,UTSA,SFO
,Andre Dillard,OT,29,"6' 5""",315 lbs,7,Washington State,SFO
,Sebastian Gutierrez60,OT,26,"6' 6""",310 lbs,1,Minot State Universi,SFO
,Colton McKivitz68,OT,28,"6' 6""",301 lbs,5,West Virginia,SFO
,Nicholas Petit-Frere,OT,25,"6' 5""",316 lbs,4,Ohio State,SFO
,Austen Pleasants62,OT,27,"6' 7""",328 lbs,1,Ohio,SFO
,Trent Williams71,OT,36,"6' 5""",320 lbs,15,Oklahoma,SFO
,Nick Zakelj63,OT,25,"6' 6""",316 lbs,3,Fordham,SFO
,Connor Bazelak,QB,24,"6' 3""",225 lbs,R,Miami (OH),TAM
,Baker Mayfield6,QB,30,"6' 1""",215 lbs,7,Oklahoma,TAM
,Michael Pratt11,QB,23,"6' 2""",217 lbs,R,Tulane,TAM
,Kyle Trask2,QB,27,"6' 5""",236 lbs,4,Florida,TAM
,Bucky Irving7,RB,22,"5' 10""",195 lbs,R,Oregon,TAM
,Sean Tucker44,RB,23,"5' 10""",205 lbs,2,Syracuse,TAM
,Rachaad White1,RB,26,"6' 0""",214 lbs,3,Arizona State,TAM
,D.J. Williams30,RB,25,"6' 0""",225 lbs,R,Arizona,TAM
,Josh Williams,RB,23,"5' 9""",210 lbs,R,LSU,TAM
,Emeka Egbuka,WR,22,"6' 1""",205 lbs,R,Ohio State,TAM
,Mike Evans13,WR,31,"6' 5""",231 lbs,11,Texas A&M,TAM
,Chris Godwin14,WR,29,"6' 1""",209 lbs,8,Penn State,TAM
,Garrett Greene,WR,--,"5' 11""",201 lbs,R,West Virginia,TAM
,Dennis Houston89,WR,26,"6' 1""",198 lbs,1,Western Illinois,TAM
,Rakim Jarrett18,WR,24,"6' 0""",192 lbs,2,Maryland,TAM
,Kameron Johnson19,WR,23,"5' 10""",195 lbs,R,Barton College,TAM
,Tez Johnson,WR,22,"5' 10""",165 lbs,R,Oregon,TAM
,Jalen McMillan15,WR,23,"6' 1""",192 lbs,R,Washington,TAM
,Ryan Miller81,WR,25,"6' 2""",221 lbs,1,Furman,TAM
,Trey Palmer10,WR,24,"6' 1""",190 lbs,2,Nebraska,TAM
,Sterling Shepard17,WR,32,"5' 10""",194 lbs,9,Oklahoma,TAM
,Devin Culp82,TE,25,"6' 4""",237 lbs,R,Washington,TAM
,Payne Durham87,TE,24,"6' 5""",255 lbs,2,Purdue,TAM
,Ko Kieft41,TE,27,"6' 5""",265 lbs,3,Minnesota,TAM
,Cade Otton88,TE,26,"6' 5""",247 lbs,3,Washington,TAM
,Tanner Taula84,TE,26,"6' 6""",255 lbs,1,Illinois State,TAM
,Graham Barton62,C,22,"6' 5""",314 lbs,R,Duke,TAM
,Ben Bredeson68,G,27,"6' 5""",315 lbs,5,Michigan,TAM
,Elijah Klein79,G,25,"6' 4""",319 lbs,R,UTEP,TAM
,Cody Mauch69,G,26,"6' 6""",303 lbs,2,North Dakota State,TAM
,Sua Opeta76,G,28,"6' 4""",305 lbs,5,Weber State,TAM
,Ben Chukwuma,OL,--,"6' 6""",310 lbs,R,Georgia State,TAM
,Jake Majors,OL,--,"6' 3""",315 lbs,R,Texas,TAM
,Ben Scott,OL,--,"6' 5""",310 lbs,R,Nebraska,TAM
,Silas Dzansi61,OT,26,"6' 5""",335 lbs,1,Virginia Tech,TAM
,Luke Goedeke67,OT,26,"6' 5""",312 lbs,3,Central Michigan,TAM
,Garret Greenfield74,OT,25,"6' 7""",320 lbs,R,South Dakota State,TAM
,Luke Haggard72,OT,25,"6' 7""",305 lbs,1,Indiana,TAM
,Charlie Heck61,OT,28,"6' 8""",311 lbs,5,North Carolina,TAM
,Lorenz Metz71,OT,28,"6' 9""",310 lbs,R,Cincinnati,TAM
,Raiqwon O'Neal75,OT,25,"6' 4""",305 lbs,2,UCLA,TAM
,Tristan Wirfs78,OT,26,"6' 5""",320 lbs,5,Iowa,TAM
,Brandon Allen,QB,32,"6' 2""",209 lbs,8,Arkansas,TEN
,Tim Boyle,QB,30,"6' 4""",232 lbs,6,Eastern Kentucky,TEN
,Will Levis8,QB,25,"6' 4""",229 lbs,2,Kentucky,TEN
,Cam Ward1,QB,22,"6' 2""",223 lbs,R,Miami,TEN
,Micah Bernard,RB,--,"6' 0""",206 lbs,R,Utah,TEN
,Julius Chestnut36,RB,24,"5' 11""",228 lbs,3,Sacred Heart,TEN
,Kalel Mullings,RB,22,"6' 2""",233 lbs,R,Michigan,TEN
,Tony Pollard20,RB,28,"6' 0""",215 lbs,6,Memphis,TEN
,Jabari Small31,RB,24,"5' 9""",198 lbs,R,Tennessee,TEN
,Tyjae Spears2,RB,23,"5' 11""",195 lbs,2,Tulane,TEN
,Elic Ayomanor,WR,21,"6' 2""",210 lbs,R,Stanford,TEN
,Treylon Burks16,WR,25,"6' 2""",225 lbs,3,Arkansas,TEN
,Chimere Dike,WR,22,"6' 0""",195 lbs,R,Florida,TEN
,Colton Dowell14,WR,26,"6' 3""",212 lbs,2,UT Martin,TEN
,Jha'Quan Jackson19,WR,24,"5' 9""",188 lbs,R,Tulane,TEN
,Van Jefferson,WR,28,"6' 1""",200 lbs,5,Florida,TEN
,Mason Kinsey12,WR,26,"5' 11""",200 lbs,2,Berry College,TEN
,Tyler Lockett,WR,32,"5' 10""",182 lbs,11,Kansas State,TEN
,Bryce Oliver80,WR,24,"6' 1""",214 lbs,R,Youngstown State,TEN
,James Proche II,WR,28,"5' 11""",193 lbs,5,SMU,TEN
,Xavier Restrepo,WR,23,"5' 10""",198 lbs,R,Miami,TEN
,Calvin Ridley0,WR,30,"6' 1""",190 lbs,6,Alabama,TEN
,TJ Sheffield,WR,--,"5' 10""",190 lbs,R,UConn,TEN
,Gunnar Helm,TE,22,"6' 5""",250 lbs,R,Texas,TEN
,David Martin-Robinson88,TE,25,"6' 3""",247 lbs,R,Temple,TEN
,Thomas Odukoya89,TE,28,"6' 6""",253 lbs,1,Eastern Michigan,TEN
,Chig Okonkwo85,TE,25,"6' 3""",238 lbs,3,Maryland,TEN
,Josh Whyle81,TE,25,"6' 7""",248 lbs,2,Cincinnati,TEN
,Lloyd Cushenberry III79,C,27,"6' 4""",315 lbs,5,LSU,TEN
,Corey Levin62,C,30,"6' 4""",307 lbs,6,Chattanooga,TEN
,Sam Mustipher,C,28,"6' 3""",306 lbs,5,Notre Dame,TEN
,Blake Hance,G,29,"6' 5""",310 lbs,4,Northwestern,TEN
,Brenden Jaimes,G,25,"6' 5""",300 lbs,4,Nebraska,TEN
,Jackson Slater,G,--,"6' 4""",316 lbs,R,Sacramento State,TEN
,Kevin Zeitler,G,35,"6' 4""",340 lbs,13,Wisconsin,TEN
,Kaden Moore,OL,--,"6' 3""",310 lbs,R,Virginia Tech,TEN
,Chandler Brewer67,OT,27,"6' 6""",320 lbs,4,Middle Tennessee,TEN
,Brandon Crenshaw-Dickson,OT,24,"6' 7""",322 lbs,R,Florida,TEN
,Jaelyn Duncan71,OT,24,"6' 6""",306 lbs,2,Maryland,TEN
,JC Latham55,OT,22,"6' 6""",342 lbs,R,Alabama,TEN
,Dan Moore Jr.65,OT,26,"6' 5""",315 lbs,4,Texas A&M,TEN
,John Ojukwu61,OT,26,"6' 5""",309 lbs,1,Boise State,TEN
,Andrew Rupcich76,OT,26,"6' 6""",318 lbs,1,Culver-Stockton College,TEN
,Peter Skoronski77,OT,23,"6' 4""",313 lbs,2,Northwestern,TEN
,Olisaemeka Udoh,OT,28,"6' 6""",320 lbs,6,Elon,TEN
,Jayden Daniels5,QB,24,"6' 4""",210 lbs,R,LSU,WAS
,Sam Hartman15,QB,25,"6' 1""",209 lbs,R,Notre Dame,WAS
,Josh Johnson,QB,38,"6' 3""",214 lbs,10,San Diego,WAS
,Marcus Mariota18,QB,31,"6' 4""",222 lbs,10,Oregon,WAS
,Collin Schlee,QB,--,"6' 3""",225 lbs,R,Virginia Tech,WAS
,Kazmeir Allen31,RB,25,"5' 8""",176 lbs,1,UCLA,WAS
,Jacory Croskey-Merritt,RB,24,"5' 11""",208 lbs,R,Arizona,WAS
,Austin Ekeler30,RB,29,"5' 9""",200 lbs,8,Western Colorado,WAS
,Demetric Felton,RB,26,"5' 9""",190 lbs,3,UCLA,WAS
,Jeremy McNichols26,RB,29,"5' 9""",214 lbs,7,Boise State,WAS
,Brian Robinson Jr.8,RB,26,"6' 1""",228 lbs,3,Alabama,WAS
,Chris Rodriguez Jr.36,RB,25,"5' 11""",224 lbs,2,Kentucky,WAS
,Michael Wiley34,RB,23,"5' 10""",209 lbs,R,Arizona,WAS
,Ja'Corey Brooks,WR,--,"6' 3""",195 lbs,R,Louisville,WAS
,Noah Brown85,WR,29,"6' 2""",225 lbs,8,Ohio State,WAS
,Michael Gallup,WR,29,"6' 1""",205 lbs,7,Colorado State,WAS
,Jacoby Jones,WR,--,"6' 3""",228 lbs,R,UCF,WAS
,Jaylin Lane,WR,23,"5' 10""",196 lbs,R,Virginia Tech,WAS
,Luke McCaffrey12,WR,24,"6' 2""",198 lbs,R,Rice,WAS
,Terry McLaurin17,WR,29,"6' 0""",210 lbs,6,Ohio State,WAS
,Chris Moore19,WR,31,"6' 1""",200 lbs,9,Cincinnati,WAS
,K.J. Osborn13,WR,27,"5' 11""",203 lbs,5,Miami,WAS
,Deebo Samuel Sr.1,WR,29,"6' 0""",215 lbs,6,South Carolina,WAS
,Mike Strachan83,WR,27,"6' 5""",225 lbs,4,Charleston (WV),WAS
,John Bates87,TE,27,"6' 6""",259 lbs,4,Boise State,WAS
,Lawrence Cager,TE,27,"6' 5""",220 lbs,4,Georgia,WAS
,Zach Ertz86,TE,34,"6' 5""",250 lbs,12,Stanford,WAS
,Tyree Jackson83,TE,27,"6' 7""",249 lbs,3,Buffalo,WAS
,Ben Sinnott82,TE,22,"6' 4""",247 lbs,R,Kansas State,WAS
,Cole Turner88,TE,25,"6' 6""",240 lbs,3,Nevada,WAS
,Colson Yankoff41,TE,25,"6' 4""",225 lbs,R,UCLA,WAS
,Tyler Biadasz63,C,27,"6' 4""",318 lbs,5,Wisconsin,WAS
,Nick Allegretti67,G,29,"6' 4""",320 lbs,6,Illinois,WAS
,Sam Cosmi76,G,26,"6' 6""",309 lbs,4,Texas,WAS
,Michael Deiter60,G,28,"6' 6""",310 lbs,6,Wisconsin,WAS
,Julian Good-Jones61,G,28,"6' 5""",313 lbs,2,Iowa State,WAS
,Nate Herbig71,G,26,"6' 4""",334 lbs,6,Stanford,WAS
,Timothy McKay,G,--,"6' 4""",312 lbs,R,NC State,WAS
,Chris Paul75,G,26,"6' 4""",324 lbs,3,Tulsa,WAS
,Andrew Wylie71,G,30,"6' 6""",309 lbs,7,Eastern Michigan,WAS
,Brandon Coleman74,OT,24,"6' 6""",320 lbs,R,TCU,WAS
,Josh Conerly Jr.,OT,21,"6' 4""",315 lbs,R,Oregon,WAS
,Bobby Hart51,OT,30,"6' 4""",334 lbs,9,Florida State,WAS
,Tyre Phillips,OT,28,"6' 5""",330 lbs,5,Mississippi State,WAS
,Foster Sarell,OT,26,"6' 6""",322 lbs,4,Stanford,WAS
,Trent Scott73,OT,31,"6' 5""",320 lbs,7,Grambling,WAS
,Laremy Tunsil78,OT,30,"6' 5""",313 lbs,9,Ole Miss,WAS
