Rnd,Pick,Team,Player,Year
1,1,KAN,Eric Fisher,2013
1,2,JAX,Luke Joeckel,2013
1,3,MIA,Dion Jordan,2013
1,4,PHI,Lane Johnson,2013
1,5,DET,Ezekiel Ansah,2013
1,6,CLE,Barkevious Mingo,2013
1,7,ARI,Jonathan Cooper,2013
1,8,STL,Tavon Austin,2013
1,9,NYJ,Dee Milliner,2013
1,10,TEN,Chance Warmack,2013
1,11,SDG,D.J. Fluker,2013
1,12,OAK,D.J. Hayden,2013
1,13,NYJ,Sheldon Richardson,2013
1,14,CAR,Star Lotulelei,2013
1,15,NOR,Kenny Vaccaro,2013
1,16,BUF,EJ Manuel,2013
1,17,PIT,Jarvis Jones,2013
1,18,SFO,Eric Reid,2013
1,19,NYG,Justin Pugh,2013
1,20,CHI,Kyle Long,2013
1,21,CIN,Tyler Eifert,2013
1,22,ATL,Desmond Trufant,2013
1,23,MIN,Sharrif Floyd,2013
1,24,IND,Bjoern Werner,2013
1,25,MIN,Xavier Rhodes,2013
1,26,GNB,Datone Jones,2013
1,27,HOU,DeAndre Hopkins,2013
1,28,DEN,Sylvester Williams,2013
1,29,MIN,Cordarrelle Patterson,2013
1,30,STL,Alec Ogletree,2013
1,31,DAL,Travis Frederick,2013
1,32,BAL,Matt Elam,2013
Rnd,Pick,Tm,Player,2013
2,33,JAX,Johnathan Cyprien,2013
2,34,TEN,Justin Hunter,2013
2,35,PHI,Zach Ertz,2013
2,36,DET,Darius Slay,2013
2,37,CIN,Giovani Bernard,2013
2,38,SDG,Manti Te'o,2013
2,39,NYJ,Geno Smith,2013
2,40,SFO,Tank Carradine,2013
2,41,BUF,Robert Woods,2013
2,42,OAK,Menelik Watson,2013
2,43,TAM,Johnthan Banks,2013
2,44,CAR,Kawann Short,2013
2,45,ARI,Kevin Minter,2013
2,46,BUF,Kiko Alonso,2013
2,47,DAL,Gavin Escobar,2013
2,48,PIT,Le'Veon Bell,2013
2,49,NYG,Johnathan Hankins,2013
2,50,CHI,Jonathan Bostic,2013
2,51,WAS,David Amerson,2013
2,52,NWE,Jamie Collins,2013
2,53,CIN,Margus Hunt,2013
2,54,MIA,Jamar Taylor,2013
2,55,SFO,Vance McDonald,2013
2,56,BAL,Arthur Brown,2013
2,57,HOU,D.J. Swearinger,2013
2,58,DEN,Montee Ball,2013
2,59,NWE,Aaron Dobson,2013
2,60,ATL,Robert Alford,2013
2,61,GNB,Eddie Lacy,2013
2,62,SEA,Christine Michael,2013
Rnd,Pick,Tm,Player,2013
3,63,KAN,Travis Kelce,2013
3,64,JAX,Dwayne Gratz,2013
3,65,DET,Larry Warford,2013
3,66,OAK,Sio Moore,2013
3,67,PHI,Bennie Logan,2013
3,68,CLE,Leon McFadden,2013
3,69,ARI,Tyrann Mathieu,2013
3,70,TEN,Blidi Wreh-Wilson,2013
3,71,STL,T.J. McDonald,2013
3,72,NYJ,Brian Winters,2013
3,73,TAM,Mike Glennon,2013
3,74,DAL,Terrance Williams,2013
3,75,NOR,Terron Armstead,2013
3,76,SDG,Keenan Allen,2013
3,77,MIA,Dallas Thomas,2013
3,78,BUF,Marquise Goodwin,2013
3,79,PIT,Markus Wheaton,2013
3,80,DAL,J.J. Wilcox,2013
3,81,NYG,Damontre Moore,2013
3,82,NOR,John Jenkins,2013
3,83,NWE,Logan Ryan,2013
3,84,CIN,Shawn Williams,2013
3,85,WAS,Jordan Reed,2013
3,86,IND,Hugh Thornton,2013
3,87,SEA,Jordan Hill,2013
3,88,SFO,Corey Lemonier,2013
3,89,HOU,Brennan Williams,2013
3,90,DEN,Kayvon Webster,2013
3,91,NWE,Duron Harmon,2013
3,92,STL,Stedman Bailey,2013
3,93,MIA,Will Davis,2013
3,94,BAL,Brandon Williams,2013
3,95,HOU,Sam Montgomery,2013
3,96,KAN,Knile Davis,2013
3,97,TEN,Zaviar Gooden,2013
Rnd,Pick,Tm,Player,2013
4,98,PHI,Matt Barkley,2013
4,99,KAN,Nico Johnson,2013
4,100,TAM,Akeem Spence,2013
4,101,JAX,Ace Sanders,2013
4,102,NWE,Josh Boyce,2013
4,103,ARI,Alex Okafor,2013
4,104,MIA,Jelani Jenkins,2013
4,105,BUF,Duke Williams,2013
4,106,MIA,Dion Sims,2013
4,107,TEN,Brian Schwenke,2013
4,108,CAR,Edmund Kugbila,2013
4,109,GNB,David Bakhtiari,2013
4,110,NYG,Ryan Nassib,2013
4,111,PIT,Shamarko Thomas,2013
4,112,OAK,Tyler Wilson,2013
4,113,STL,Barrett Jones,2013
4,114,DAL,B.W. Webb,2013
4,115,PIT,Landry Jones,2013
4,116,ARI,Earl Watford,2013
4,117,CHI,Khaseem Greene,2013
4,118,CIN,Sean Porter,2013
4,119,WAS,Phillip Thomas,2013
4,120,MIN,Gerald Hodges,2013
4,121,IND,Khaled Holmes,2013
4,122,GNB,J.C. Tretter,2013
4,123,SEA,Chris Harper,2013
4,124,HOU,Trevardo Williams,2013
4,125,GNB,Johnathan Franklin,2013
4,126,TAM,William Gholston,2013
4,127,ATL,Malliciah Goodman,2013
4,128,SFO,Quinton Patton,2013
4,129,BAL,John Simon,2013
4,130,BAL,Kyle Juszczyk,2013
4,131,SFO,Marcus Lattimore,2013
4,132,DET,Devin Taylor,2013
4,133,ATL,Levine Toilolo,2013
Rnd,Pick,Tm,Player,2013
5,134,KAN,Sanders Commings,2013
5,135,JAX,Denard Robinson,2013
5,136,PHI,Earl Wolff,2013
5,137,SEA,Jesse Williams,2013
5,138,SEA,Tharold Simon,2013
5,139,IND,Montori Hughes,2013
5,140,ARI,Stepfan Taylor,2013
5,141,NYJ,Oday Aboushi,2013
5,142,TEN,Lavar Edwards,2013
5,143,BUF,Jonathan Meeks,2013
5,144,NOR,Kenny Stills,2013
5,145,SDG,Steve Williams,2013
5,146,DEN,Quanterus Smith,2013
5,147,TAM,Steven Means,2013
5,148,CAR,A.J. Klein,2013
5,149,STL,Brandon McGee,2013
5,150,PIT,Terry Hawthorne,2013
5,151,DAL,Joseph Randle,2013
5,152,NYG,Cooper Taylor,2013
5,153,ATL,Stansly Maponga,2013
5,154,WAS,Chris Thompson,2013
5,155,MIN,Jeff Locke,2013
5,156,CIN,Tanner Hawkinson,2013
5,157,SFO,Quinton Dial,2013
5,158,SEA,Luke Willson,2013
5,159,GNB,Micah Hyde,2013
5,160,STL,Zac Stacy,2013
5,161,DEN,Tavarres King,2013
5,162,WAS,Brandon Jenkins,2013
5,163,CHI,Jordan Mills,2013
5,164,MIA,Mike Gillislee,2013
5,165,DET,Sam Martin,2013
5,166,MIA,Caleb Sturgis,2013
5,167,GNB,Josh Boyd,2013
5,168,BAL,Ricky Wagner,2013
Rnd,Pick,Tm,Player,2013
6,169,JAX,Josh Evans,2013
6,170,KAN,Eric Kush,2013
6,171,DET,Corey Fuller,2013
6,172,OAK,Nick Kasa,2013
6,173,DEN,Vinston Painter,2013
6,174,ARI,Ryan Swope,2013
6,175,CLE,Jamoris Slaughter,2013
6,176,HOU,David Quessenberry,2013
6,177,BUF,Dustin Hopkins,2013
6,178,NYJ,William Campbell,2013
6,179,SDG,Tourek Williams,2013
6,180,SFO,Nick Moody,2013
6,181,OAK,Latavius Murray,2013
6,182,CAR,Kenjon Barner,2013
6,183,NOR,Rufus Johnson,2013
6,184,OAK,Mychal Rivera,2013
6,185,DAL,DeVonte Holloman,2013
6,186,PIT,Justin Brown,2013
6,187,ARI,Andre Ellington,2013
6,188,CHI,Cornelius Washington,2013
6,189,TAM,Mike James,2013
6,190,CIN,Rex Burkhead,2013
6,191,WAS,Bacarri Rambo,2013
6,192,IND,John Boyett,2013
6,193,GNB,Nate Palmer,2013
6,194,SEA,Spencer Ware,2013
6,195,HOU,Alan Bonner,2013
6,196,MIN,Jeff Baca,2013
6,197,CIN,Cobi Hamilton,2013
6,198,HOU,Chris Jones,2013
6,199,DET,Theo Riddick,2013
6,200,BAL,Kapron Lewis-Moore,2013
6,201,HOU,Ryan Griffin,2013
6,202,TEN,Khalid Wooten,2013
6,203,BAL,Ryan Jensen,2013
6,204,KAN,Braden Wilson,2013
6,205,OAK,Stacy McGee,2013
6,206,PIT,Vince Williams,2013
Rnd,Pick,Tm,Player,2013
7,207,KAN,Mike Catapano,2013
7,208,JAX,Jeremy Harris,2013
7,209,OAK,Brice Butler,2013
7,210,JAX,Demetrius McCray,2013
7,211,DET,Michael Williams,2013
7,212,PHI,Joe Kruger,2013
7,213,MIN,Michael Mauti,2013
7,214,MIN,Travis Bond,2013
7,215,NYJ,Tommy Bohanon,2013
7,216,GNB,Charles Johnson,2013
7,217,CLE,Armonty Bryant,2013
7,218,PHI,Jordan Poyer,2013
7,219,ARI,D.C. Jefferson,2013
7,220,SEA,Ryan Seymour,2013
7,221,SDG,Brad Sorensen,2013
7,222,BUF,Chris Gragg,2013
7,223,PIT,Nick Williams,2013
7,224,GNB,Kevin Dorsey,2013
7,225,NYG,Eric Herman,2013
7,226,NWE,Michael Buchanan,2013
7,227,CLE,Garrett Gilkey,2013
7,228,WAS,Jawan Jamison,2013
7,229,MIN,Everett Dawkins,2013
7,230,IND,Kerwynn Williams,2013
7,231,SEA,Ty Powell,2013
7,232,GNB,Sam Barrington,2013
7,233,OAK,David Bass,2013
7,234,DEN,Zac Dysert,2013
7,235,NWE,Steve Beauharnais,2013
7,236,CHI,Marquess Wilson,2013
7,237,SFO,B.J. Daniels,2013
7,238,BAL,Aaron Mellette,2013
7,239,PHI,David King,2013
7,240,CIN,Reid Fragel,2013
7,241,SEA,Jared Smith,2013
7,242,SEA,Michael Bowie,2013
7,243,ATL,Kemal Ishmael,2013
7,244,ATL,Zeke Motta,2013
7,245,DET,Brandon Hepburn,2013
7,246,SFO,Carter Bykowski,2013
7,247,BAL,Marc Anthony,2013
7,248,TEN,Daimion Stafford,2013
7,249,ATL,Sean Renfree,2013
7,250,MIA,Don Jones,2013
7,251,CIN,T.J. Johnson,2013
7,252,SFO,Marcus Cooper,2013
7,253,NYG,Michael Cox,2013
7,254,IND,Justice Cunningham,2013
1,1,HOU,Jadeveon Clowney,2014
1,2,STL,Greg Robinson,2014
1,3,JAX,Blake Bortles,2014
1,4,BUF,Sammy Watkins,2014
1,5,OAK,Khalil Mack,2014
1,6,ATL,Jake Matthews,2014
1,7,TAM,Mike Evans,2014
1,8,CLE,Justin Gilbert,2014
1,9,MIN,Anthony Barr,2014
1,10,DET,Eric Ebron,2014
1,11,TEN,Taylor Lewan,2014
1,12,NYG,Odell Beckham Jr.,2014
1,13,STL,Aaron Donald,2014
1,14,CHI,Kyle Fuller,2014
1,15,PIT,Ryan Shazier,2014
1,16,DAL,Zack Martin,2014
1,17,BAL,C.J. Mosley,2014
1,18,NYJ,Calvin Pryor,2014
1,19,MIA,Ja'Wuan James,2014
1,20,NOR,Brandin Cooks,2014
1,21,GNB,Ha Ha Clinton-Dix,2014
1,22,CLE,Johnny Manziel,2014
1,23,KAN,Dee Ford,2014
1,24,CIN,Darqueze Dennard,2014
1,25,SDG,Jason Verrett,2014
1,26,PHI,Marcus Smith,2014
1,27,ARI,Deone Bucannon,2014
1,28,CAR,Kelvin Benjamin,2014
1,29,NWE,Dominique Easley,2014
1,30,SFO,Jimmie Ward,2014
1,31,DEN,Bradley Roby,2014
1,32,MIN,Teddy Bridgewater,2014
Rnd,Pick,Tm,Player,2014
2,33,HOU,Xavier Su'a-Filo,2014
2,34,DAL,DeMarcus Lawrence,2014
2,35,CLE,Joel Bitonio,2014
2,36,OAK,Derek Carr,2014
2,37,ATL,Ra'Shede Hageman,2014
2,38,TAM,Austin Seferian-Jenkins,2014
2,39,JAX,Marqise Lee,2014
2,40,DET,Kyle Van Noy,2014
2,41,STL,Lamarcus Joyner,2014
2,42,PHI,Jordan Matthews,2014
2,43,NYG,Weston Richburg,2014
2,44,BUF,Cyrus Kouandjio,2014
2,45,SEA,Paul Richardson,2014
2,46,PIT,Stephon Tuitt,2014
2,47,WAS,Trent Murphy,2014
2,48,BAL,Timmy Jernigan,2014
2,49,NYJ,Jace Amaro,2014
2,50,SDG,Jeremiah Attaochu,2014
2,51,CHI,Ego Ferguson,2014
2,52,ARI,Troy Niklas,2014
2,53,GNB,Davante Adams,2014
2,54,TEN,Bishop Sankey,2014
2,55,CIN,Jeremy Hill,2014
2,56,DEN,Cody Latimer,2014
2,57,SFO,Carlos Hyde,2014
2,58,NOR,Stanley Jean-Baptiste,2014
2,59,IND,Jack Mewhort,2014
2,60,CAR,Kony Ealy,2014
2,61,JAX,Allen Robinson,2014
2,62,NWE,Jimmy Garoppolo,2014
2,63,MIA,Jarvis Landry,2014
2,64,SEA,Justin Britt,2014
Rnd,Pick,Tm,Player,2014
3,65,HOU,C.J. Fiedorowicz,2014
3,66,WAS,Morgan Moses,2014
3,67,MIA,Billy Turner,2014
3,68,ATL,Dezmen Southward,2014
3,69,TAM,Charles Sims,2014
3,70,SFO,Marcus Martin,2014
3,71,CLE,Christian Kirksey,2014
3,72,MIN,Scott Crichton,2014
3,73,BUF,Preston Brown,2014
3,74,NYG,Jay Bromley,2014
3,75,STL,Tre Mason,2014
3,76,DET,Travis Swanson,2014
3,77,SFO,Chris Borland,2014
3,78,WAS,Spencer Long,2014
3,79,BAL,Terrence Brooks,2014
3,80,NYJ,Dexter McDougle,2014
3,81,OAK,Gabe Jackson,2014
3,82,CHI,Will Sutton,2014
3,83,HOU,Louis Nix,2014
3,84,ARI,Kareem Martin,2014
3,85,GNB,Khyri Thornton,2014
3,86,PHI,Josh Huff,2014
3,87,KAN,Phillip Gaines,2014
3,88,CIN,Will Clarke,2014
3,89,SDG,Chris Watt,2014
3,90,IND,Donte Moncrief,2014
3,91,ARI,John Brown,2014
3,92,CAR,Trai Turner,2014
3,93,JAX,Brandon Linder,2014
3,94,CLE,Terrance West,2014
3,95,DEN,Michael Schofield,2014
3,96,MIN,Jerick McKinnon,2014
3,97,PIT,Dri Archer,2014
3,98,GNB,Richard Rodgers,2014
3,99,BAL,Crockett Gillmore,2014
3,100,SFO,Brandon Thomas,2014
Rnd,Pick,Tm,Player,2014
4,101,PHI,Jaylen Watkins,2014
4,102,WAS,Bashaud Breeland,2014
4,103,ATL,Devonta Freeman,2014
4,104,NYJ,Jalen Saunders,2014
4,105,NWE,Bryan Stork,2014
4,106,SFO,Bruce Ellington,2014
4,107,OAK,Justin Ellis,2014
4,108,SEA,Cassius Marsh,2014
4,109,BUF,Ross Cockrell,2014
4,110,STL,Maurice Alexander,2014
4,111,CIN,Russell Bodine,2014
4,112,TEN,DaQuan Jones,2014
4,113,NYG,Andre Williams,2014
4,114,JAX,Aaron Colvin,2014
4,115,NYJ,Shaquelle Evans,2014
4,116,OAK,Keith McGill,2014
4,117,CHI,Ka'Deem Carey,2014
4,118,PIT,Martavis Bryant,2014
4,119,DAL,Anthony Hitchens,2014
4,120,ARI,Logan Thomas,2014
4,121,GNB,Carl Bradford,2014
4,122,TEN,Marqueston Huff,2014
4,123,SEA,Kevin Norwood,2014
4,124,KAN,De'Anthony Thomas,2014
4,125,MIA,Walt Aikens,2014
4,126,NOR,Khairi Fortt,2014
4,127,CLE,Pierre Desir,2014
4,128,CAR,Tre Boston,2014
4,129,SFO,Dontae Johnson,2014
4,130,NWE,James White,2014
4,131,CHI,Brock Vereen,2014
4,132,SEA,Kevin Pierre-Louis,2014
4,133,DET,Nevin Lawson,2014
4,134,BAL,Brent Urban,2014
4,135,HOU,Tom Savage,2014
4,136,DET,Larry Webster,2014
4,137,NYJ,Dakota Dozier,2014
4,138,BAL,Lorenzo Taliaferro,2014
4,139,ATL,Prince Shembo,2014
4,140,NWE,Cameron Fleming,2014
Rnd,Pick,Tm,Player,2014
5,141,PHI,Taylor Hart,2014
5,142,WAS,Ryan Grant,2014
5,143,TAM,Kadeem Edwards,2014
5,144,JAX,Telvin Smith,2014
5,145,MIN,David Yankey,2014
5,146,DAL,Devin Street,2014
5,147,ATL,Ricardo Allen,2014
5,148,CAR,Bene Benwikere,2014
5,149,TAM,Kevin Pamphile,2014
5,150,SFO,Aaron Lynch,2014
5,151,TEN,Avery Williamson,2014
5,152,NYG,Nat Berhe,2014
5,153,BUF,Cyril Richardson,2014
5,154,NYJ,Jeremiah George,2014
5,155,MIA,Arthur Lynch,2014
5,156,DEN,Lamin Barrow,2014
5,157,PIT,Shaquille Richardson,2014
5,158,DET,Caraun Reid,2014
5,159,JAX,Chris Smith,2014
5,160,ARI,Ed Stinson,2014
5,161,GNB,Corey Linsley,2014
5,162,PHI,Ed Reynolds,2014
5,163,KAN,Aaron Murray,2014
5,164,CIN,A.J. McCarron,2014
5,165,SDG,Ryan Carrethers,2014
5,166,IND,Jonathan Newsome,2014
5,167,NOR,Vinnie Sunseri,2014
5,168,ATL,Marquis Spruill,2014
5,169,NOR,Ronald Powell,2014
5,170,SFO,Keith Reaser,2014
5,171,MIA,Jordan Tripp,2014
5,172,SEA,Jimmy Staten,2014
5,173,PIT,Wesley Johnson,2014
5,174,NYG,Devon Kennard,2014
5,175,BAL,John Urschel,2014
5,176,GNB,Jared Abbrederis,2014
Rnd,Pick,Tm,Player,2014
6,177,HOU,Jeoffrey Pagan,2014
6,178,TEN,Zach Mettenberger,2014
6,179,NWE,Jon Halapio,2014
6,180,SFO,Kenneth Acker,2014
6,181,HOU,Alfred Blue,2014
6,182,MIN,Antone Exum,2014
6,183,CHI,David Fales,2014
6,184,MIN,Kendall James,2014
6,185,TAM,Robert Herron,2014
6,186,WAS,Lache Seastrunk,2014
6,187,NYG,Bennett Jackson,2014
6,188,STL,E.J. Gaines,2014
6,189,DET,T.J. Jones,2014
6,190,MIA,Matt Hazel,2014
6,191,CHI,Pat O'Donnell,2014
6,192,PIT,Jordan Zumwalt,2014
6,193,KAN,Zach Fulton,2014
6,194,BAL,Keith Wenning,2014
6,195,NYJ,Brandon Dixon,2014
6,196,ARI,Walt Powell,2014
6,197,GNB,Demetri Goodson,2014
6,198,NWE,Zach Moore,2014
6,199,SEA,Garrett Scott,2014
6,200,KAN,Laurent Duvernay-Tardif,2014
6,201,SDG,Marion Grice,2014
6,202,NOR,Tavon Rooks,2014
6,203,IND,Andrew Jackson,2014
6,204,CAR,Tyler Gaffney,2014
6,205,JAX,Luke Bowanko,2014
6,206,NWE,Jemea Thomas,2014
6,207,DEN,Matt Paradis,2014
6,208,SEA,Eric Pinkins,2014
6,209,NYJ,Quincy Enunwa,2014
6,210,NYJ,IK Enemkpali,2014
6,211,HOU,Jay Prosch,2014
6,212,CIN,Marquis Flowers,2014
6,213,NYJ,Tajh Boyd,2014
6,214,STL,Garrett Gilbert,2014
6,215,PIT,Daniel McCullers,2014
Rnd,Pick,Tm,Player,2014
7,216,HOU,Andre Hal,2014
7,217,WAS,Ted Bolser,2014
7,218,BAL,Michael Campanaro,2014
7,219,OAK,T.J. Carrie,2014
7,220,MIN,Shamar Stephen,2014
7,221,BUF,Randell Johnson,2014
7,222,JAX,Storm Johnson,2014
7,223,MIN,Brandon Watts,2014
7,224,PHI,Beau Allen,2014
7,225,MIN,Jabari Price,2014
7,226,STL,Mitchell Van Dyk,2014
7,227,SEA,Kiero Small,2014
7,228,WAS,Zach Hocker,2014
7,229,DET,Nate Freese,2014
7,230,PIT,Rob Blanchflower,2014
7,231,DAL,Ben Gardner,2014
7,232,IND,Ulrick John,2014
7,233,NYJ,Trevor Reilly,2014
7,234,MIA,Terrence Fede,2014
7,235,OAK,Shelby Harris,2014
7,236,GNB,Jeff Janis,2014
7,237,BUF,Seantrel Henderson,2014
7,238,DAL,Will Smith,2014
7,239,CIN,James Wright,2014
7,240,SDG,Tevin Reese,2014
7,241,STL,C.B. Bryant,2014
7,242,DEN,Corey Nelson,2014
7,243,SFO,Kaleb Ramsey,2014
7,244,NWE,Jeremy Gallon,2014
7,245,SFO,Trey Millard,2014
7,246,CHI,Charles Leno Jr.,2014
7,247,OAK,Jonathan Dowling,2014
7,248,DAL,Ahmad Dixon,2014
7,249,STL,Michael Sam,2014
7,250,STL,Demetrius Rhaney,2014
7,251,DAL,Ken Bishop,2014
7,252,CIN,Lavelle Westbrooks,2014
7,253,ATL,Yawin Smallwood,2014
7,254,DAL,Terrance Mitchell,2014
7,255,ATL,Tyler Starr,2014
7,256,HOU,Lonnie Ballentine,2014
1,1,TAM,Jameis Winston,2015
1,2,TEN,Marcus Mariota,2015
1,3,JAX,Dante Fowler,2015
1,4,OAK,Amari Cooper,2015
1,5,WAS,Brandon Scherff,2015
1,6,NYJ,Leonard Williams,2015
1,7,CHI,Kevin White,2015
1,8,ATL,Vic Beasley,2015
1,9,NYG,Ereck Flowers,2015
1,10,STL,Todd Gurley,2015
1,11,MIN,Trae Waynes,2015
1,12,CLE,Danny Shelton,2015
1,13,NOR,Andrus Peat,2015
1,14,MIA,DeVante Parker,2015
1,15,SDG,Melvin Gordon,2015
1,16,HOU,Kevin Johnson,2015
1,17,SFO,Arik Armstead,2015
1,18,KAN,Marcus Peters,2015
1,19,CLE,Cameron Erving,2015
1,20,PHI,Nelson Agholor,2015
1,21,CIN,Cedric Ogbuehi,2015
1,22,PIT,Bud Dupree,2015
1,23,DEN,Shane Ray,2015
1,24,ARI,D.J. Humphries,2015
1,25,CAR,Shaq Thompson,2015
1,26,BAL,Breshad Perriman,2015
1,27,DAL,Byron Jones,2015
1,28,DET,Laken Tomlinson,2015
1,29,IND,Phillip Dorsett,2015
1,30,GNB,Damarious Randall,2015
1,31,NOR,Stephone Anthony,2015
1,32,NWE,Malcom Brown,2015
Rnd,Pick,Tm,Player,2015
2,33,NYG,Landon Collins,2015
2,34,TAM,Donovan Smith,2015
2,35,OAK,Mario Edwards,2015
2,36,JAX,T.J. Yeldon,2015
2,37,NYJ,Devin Smith,2015
2,38,WAS,Preston Smith,2015
2,39,CHI,Eddie Goldman,2015
2,40,TEN,Dorial Green-Beckham,2015
2,41,CAR,Devin Funchess,2015
2,42,ATL,Jalen Collins,2015
2,43,HOU,Benardrick McKinney,2015
2,44,NOR,Hau'oli Kikaha,2015
2,45,MIN,Eric Kendricks,2015
2,46,SFO,Jaquiski Tartt,2015
2,47,PHI,Eric Rowe,2015
2,48,SDG,Denzel Perryman,2015
2,49,KAN,Mitch Morse,2015
2,50,BUF,Ronald Darby,2015
2,51,CLE,Nate Orchard,2015
2,52,MIA,Jordan Phillips,2015
2,53,CIN,Jake Fisher,2015
2,54,DET,Ameer Abdullah,2015
2,55,BAL,Maxx Williams,2015
2,56,PIT,Senquez Golson,2015
2,57,STL,Rob Havenstein,2015
2,58,ARI,Markus Golden,2015
2,59,DEN,Ty Sambrailo,2015
2,60,DAL,Randy Gregory,2015
2,61,TAM,Ali Marpet,2015
2,62,GNB,Quinten Rollins,2015
2,63,SEA,Frank Clark,2015
2,64,NWE,Jordan Richards,2015
Rnd,Pick,Tm,Player,2015
3,65,IND,D'Joun Smith,2015
3,66,TEN,Jeremiah Poutasi,2015
3,67,JAX,A.J. Cann,2015
3,68,OAK,Clive Walford,2015
3,69,SEA,Tyler Lockett,2015
3,70,HOU,Jaelen Strong,2015
3,71,CHI,Hroniss Grasu,2015
3,72,STL,Jamon Brown,2015
3,73,ATL,Tevin Coleman,2015
3,74,NYG,Owamagbe Odighizuwa,2015
3,75,NOR,Garrett Grayson,2015
3,76,KAN,Chris Conley,2015
3,77,CLE,Duke Johnson,2015
3,78,NOR,P.J. Williams,2015
3,79,SFO,Eli Harold,2015
3,80,DET,Alex Carter,2015
3,81,BUF,John Miller,2015
3,82,NYJ,Lorenzo Mauldin,2015
3,83,SDG,Craig Mager,2015
3,84,PHI,Jordan Hicks,2015
3,85,CIN,Tyler Kroft,2015
3,86,ARI,David Johnson,2015
3,87,PIT,Sammie Coates,2015
3,88,MIN,Danielle Hunter,2015
3,89,STL,Sean Mannion,2015
3,90,BAL,Carl Davis,2015
3,91,DAL,Chaz Green,2015
3,92,DEN,Jeff Heuerman,2015
3,93,IND,Henry Anderson,2015
3,94,GNB,Ty Montgomery,2015
3,95,WAS,Matt Jones,2015
3,96,CLE,Xavier Cooper,2015
3,97,NWE,Geneo Grissom,2015
3,98,KAN,Steven Nelson,2015
3,99,CIN,Paul Dawson,2015
Rnd,Pick,Tm,Player,2015
4,100,TEN,Angelo Blackson,2015
4,101,NWE,Trey Flowers,2015
4,102,CAR,Daryl Williams,2015
4,103,NYJ,Bryce Petty,2015
4,104,JAX,James Sample,2015
4,105,WAS,Jamison Crowder,2015
4,106,CHI,Jeremy Langford,2015
4,107,ATL,Justin Hardy,2015
4,108,TEN,Jalston Fowler,2015
4,109,IND,Clayton Geathers,2015
4,110,MIN,T.J. Clemmings,2015
4,111,NWE,Tre' Jackson,2015
4,112,WAS,Arie Kouandjio,2015
4,113,DET,Gabe Wright,2015
4,114,MIA,Jamil Douglas,2015
4,115,CLE,Ibraheim Campbell,2015
4,116,ARI,Rodney Gunter,2015
4,117,SFO,Blake Bell,2015
4,118,KAN,Ramik Wilson,2015
4,119,STL,Andrew Donnal,2015
4,120,CIN,Josh Shaw,2015
4,121,PIT,Doran Grant,2015
4,122,BAL,Za'Darius Smith,2015
4,123,CLE,Vince Mayle,2015
4,124,TAM,Kwon Alexander,2015
4,125,BAL,Javorius Allen,2015
4,126,SFO,Mike Davis,2015
4,127,DAL,Damien Wilson,2015
4,128,OAK,Jon Feliciano,2015
4,129,GNB,Jake Ryan,2015
4,130,SEA,Terry Poole,2015
4,131,NWE,Shaq Mason,2015
4,132,SFO,DeAndre Smelter,2015
4,133,DEN,Max Garcia,2015
4,134,SEA,Mark Glowinski,2015
4,135,CIN,Marcus Hardison,2015
4,136,BAL,Tray Walker,2015
Rnd,Pick,Tm,Player,2015
5,137,ATL,Grady Jarrett,2015
5,138,TEN,David Cobb,2015
5,139,JAX,Rashad Greene,2015
5,140,OAK,Ben Heeney,2015
5,141,WAS,Martrell Spaight,2015
5,142,CHI,Adrian Amos,2015
5,143,MIN,MyCole Pruitt,2015
5,144,NYG,Mykkele Thompson,2015
5,145,MIA,Bobby McCain,2015
5,146,MIN,Stefon Diggs,2015
5,147,GNB,Brett Hundley,2015
5,148,NOR,Davis Tull,2015
5,149,MIA,Jay Ajayi,2015
5,150,MIA,Cedric Thompson,2015
5,151,IND,David Parry,2015
5,152,NYJ,Jarvis Harrison,2015
5,153,SDG,Kyle Emanuel,2015
5,154,NOR,Tyeler Davison,2015
5,155,BUF,Karlos Williams,2015
5,156,MIA,Tony Lippett,2015
5,157,CIN,C.J. Uzomah,2015
5,158,ARI,Shaquille Riddick,2015
5,159,ARI,JJ Nelson,2015
5,160,PIT,Jesse James,2015
5,161,OAK,Neiron Ball,2015
5,162,TAM,Kenny Bell,2015
5,163,DAL,Ryan Russell,2015
5,164,DEN,Lorenzo Doss,2015
5,165,SFO,Bradley Pinion,2015
5,166,NWE,Joe Cardona,2015
5,167,NOR,Damian Swann,2015
5,168,DET,Michael Burton,2015
5,169,CAR,David Mayo,2015
5,170,SEA,Tye Smith,2015
5,171,BAL,Nick Boyle,2015
5,172,KAN,D.J. Alexander,2015
5,173,KAN,James O'Shaughnessy,2015
5,174,CAR,Cameron Artis-Payne,2015
5,175,HOU,Keith Mumphery,2015
5,176,BAL,Robert Myers,2015
Rnd,Pick,Tm,Player,2015
6,177,TEN,Deiontrez Mount,2015
6,178,NWE,Matthew Wells,2015
6,179,OAK,Max Valles,2015
6,180,JAX,Michael Bennett,2015
6,181,WAS,Kyshoen Jarrett,2015
6,182,WAS,Tevin Mitchel,2015
6,183,CHI,Tayo Fabuluje,2015
6,184,TAM,Kaelin Clay,2015
6,185,MIN,Tyrus Thompson,2015
6,186,NYG,Geremy Davis,2015
6,187,WAS,Evan Spencer,2015
6,188,BUF,Tony Steward,2015
6,189,CLE,Charles Gaines,2015
6,190,SFO,Ian Silberman,2015
6,191,PHI,JaCorey Shepherd,2015
6,192,SDG,Darius Philon,2015
6,193,MIN,B.J. Dubose,2015
6,194,BUF,Nick O'Leary,2015
6,195,CLE,Malcolm Johnson,2015
6,196,PHI,Randall Evans,2015
6,197,CIN,Derron Smith,2015
6,198,CLE,Randall Telfer,2015
6,199,PIT,Leterrius Walton,2015
6,200,DET,Quandre Diggs,2015
6,201,STL,Bud Sasser,2015
6,202,NWE,A.J. Derby,2015
6,203,DEN,Darius Kilgo,2015
6,204,BAL,Darren Waller,2015
6,205,IND,Josh Robinson,2015
6,206,GNB,Aaron Ripkowski,2015
6,207,IND,Amarlo Herrera,2015
6,208,TEN,Andy Gallik,2015
6,209,SEA,Obum Gwacham,2015
6,210,GNB,Christian Ringo,2015
6,211,HOU,Reshard Cliett,2015
6,212,PIT,Anthony Chickillo,2015
6,213,GNB,Kennard Backman,2015
6,214,SEA,Kristjan Sokoli,2015
6,215,STL,Cody Wichmann,2015
6,216,HOU,Christian Covington,2015
6,217,KAN,Rakeem Nunez-Roches,2015
Rnd,Pick,Tm,Player,2015
7,218,OAK,Anthony Morris,2015
7,219,CLE,Hayes Pullard,2015
7,220,JAX,Neal Sterling,2015
7,221,OAK,Andre Debose,2015
7,222,WAS,Austin Reiter,2015
7,223,NYJ,Deon Simon,2015
7,224,STL,Bryce Hager,2015
7,225,ATL,Jake Rodgers,2015
7,226,NYG,Bobby Hart,2015
7,227,STL,Martin Ifedi,2015
7,228,MIN,Austin Shepherd,2015
7,229,JAX,Ben Koyack,2015
7,230,NOR,Marcus Murphy,2015
7,231,TAM,Joey Iosefa,2015
7,232,MIN,Edmond Robinson,2015
7,233,KAN,Da'Ron Brown,2015
7,234,BUF,Dezmin Lewis,2015
7,235,HOU,Kenny Hilliard,2015
7,236,DAL,Mark Nzeocha,2015
7,237,PHI,Brian Mihalik,2015
7,238,CIN,Mario Alford,2015
7,239,PIT,Gerod Holliman,2015
7,240,DET,Corey Robinson,2015
7,241,CLE,Ifo Ekpre-Olomu,2015
7,242,OAK,Dexter McDonald,2015
7,243,DAL,Laurence Gibson,2015
7,244,SFO,Trent Brown,2015
7,245,TEN,Tre McBride,2015
7,246,DAL,Geoff Swaim,2015
7,247,NWE,Darryl Roberts,2015
7,248,SEA,Ryan Murphy,2015
7,249,ATL,Akeem King,2015
7,250,DEN,Trevor Siemian,2015
7,251,DEN,Taurean Nixon,2015
7,252,DEN,Josh Furman,2015
7,253,NWE,Xzavier Dickson,2015
7,254,SFO,Rory Anderson,2015
7,255,IND,Denzelle Good,2015
7,256,ARI,Gerald Christian,2015
1,1,LAR,Jared Goff,2016
1,2,PHI,Carson Wentz,2016
1,3,SDG,Joey Bosa,2016
1,4,DAL,Ezekiel Elliott,2016
1,5,JAX,Jalen Ramsey,2016
1,6,BAL,Ronnie Stanley,2016
1,7,SFO,DeForest Buckner,2016
1,8,TEN,Jack Conklin,2016
1,9,CHI,Leonard Floyd,2016
1,10,NYG,Eli Apple,2016
1,11,TAM,Vernon Hargreaves III,2016
1,12,NOR,Sheldon Rankins,2016
1,13,MIA,Laremy Tunsil,2016
1,14,OAK,Karl Joseph,2016
1,15,CLE,Corey Coleman,2016
1,16,DET,Taylor Decker,2016
1,17,ATL,Keanu Neal,2016
1,18,IND,Ryan Kelly,2016
1,19,BUF,Shaq Lawson,2016
1,20,NYJ,Darron Lee,2016
1,21,HOU,Will Fuller,2016
1,22,WAS,Josh Doctson,2016
1,23,MIN,Laquon Treadwell,2016
1,24,CIN,William Jackson III,2016
1,25,PIT,Artie Burns,2016
1,26,DEN,Paxton Lynch,2016
1,27,GNB,Kenny Clark,2016
1,28,SFO,Joshua Garnett,2016
1,29,ARI,Robert Nkemdiche,2016
1,30,CAR,Vernon Butler,2016
1,31,SEA,Germain Ifedi,2016
Rnd,Pick,Tm,Player,2016
2,32,CLE,Emmanuel Ogbah,2016
2,33,TEN,Kevin Dodd,2016
2,34,DAL,Jaylon Smith,2016
2,35,SDG,Hunter Henry,2016
2,36,JAX,Myles Jack,2016
2,37,KAN,Chris Jones,2016
2,38,MIA,Xavien Howard,2016
2,39,TAM,Noah Spence,2016
2,40,NYG,Sterling Shepard,2016
2,41,BUF,Reggie Ragland,2016
2,42,BAL,Kamalei Correa,2016
2,43,TEN,Austin Johnson,2016
2,44,OAK,Jihad Ward,2016
2,45,TEN,Derrick Henry,2016
2,46,DET,A'Shawn Robinson,2016
2,47,NOR,Michael Thomas,2016
2,48,GNB,Jason Spriggs,2016
2,49,SEA,Jarran Reed,2016
2,50,HOU,Nick Martin,2016
2,51,NYJ,Christian Hackenberg,2016
2,52,ATL,Deion Jones,2016
2,53,WAS,Su'a Cravens,2016
2,54,MIN,Mackensie Alexander,2016
2,55,CIN,Tyler Boyd,2016
2,56,CHI,Cody Whitehair,2016
2,57,IND,T.J. Green,2016
2,58,PIT,Sean Davis,2016
2,59,TAM,Roberto Aguayo,2016
2,60,NWE,Cyrus Jones,2016
2,61,NOR,Vonn Bell,2016
2,62,CAR,James Bradberry,2016
2,63,DEN,Adam Gotsis,2016
Rnd,Pick,Tm,Player,2016
3,64,TEN,Kevin Byard,2016
3,65,CLE,Carl Nassib,2016
3,66,SDG,Max Tuerk,2016
3,67,DAL,Maliek Collins,2016
3,68,SFO,Will Redmond,2016
3,69,JAX,Yannick Ngakoue,2016
3,70,BAL,Bronson Kaufusi,2016
3,71,NYG,Darian Thompson,2016
3,72,CHI,Jonathan Bullard,2016
3,73,MIA,Kenyan Drake,2016
3,74,KAN,KeiVarae Russell,2016
3,75,OAK,Shilique Calhoun,2016
3,76,CLE,Shon Coleman,2016
3,77,CAR,Daryl Worley,2016
3,78,NWE,Joe Thuney,2016
3,79,PHI,Isaac Seumalo,2016
3,80,BUF,Adolphus Washington,2016
3,81,ATL,Austin Hooper,2016
3,82,IND,Le'Raven Clark,2016
3,83,NYJ,Jordan Jenkins,2016
3,84,WAS,Kendall Fuller,2016
3,85,HOU,Braxton Miller,2016
3,86,MIA,Leonte Carroo,2016
3,87,CIN,Nick Vigil,2016
3,88,GNB,Kyler Fackrell,2016
3,89,PIT,Javon Hargrave,2016
3,90,SEA,C.J. Prosise,2016
3,91,NWE,Jacoby Brissett,2016
3,92,ARI,Brandon Williams,2016
3,93,CLE,Cody Kessler,2016
3,94,SEA,Nick Vannett,2016
3,95,DET,Graham Glasgow,2016
3,96,NWE,Vincent Valentine,2016
3,97,SEA,Rees Odhiambo,2016
3,98,DEN,Justin Simmons,2016
Rnd,Pick,Tm,Player,2016
4,99,CLE,Joe Schobert,2016
4,100,OAK,Connor Cook,2016
4,101,DAL,Charles Tapper,2016
4,102,SDG,Joshua Perry,2016
4,103,JAX,Sheldon Day,2016
4,104,BAL,Tavon Young,2016
4,105,KAN,Parker Ehinger,2016
4,106,KAN,Eric Murray,2016
4,107,BAL,Chris Moore,2016
4,108,TAM,Ryan Smith,2016
4,109,NYG,B.J. Goodson,2016
4,110,LAR,Tyler Higbee,2016
4,111,DET,Miles Killebrew,2016
4,112,NWE,Malcolm Mitchell,2016
4,113,CHI,Nick Kwiatkoski,2016
4,114,CLE,Ricardo Louis,2016
4,115,ATL,De'Vondre Campbell,2016
4,116,IND,Hassan Ridgeway,2016
4,117,LAR,Pharoh Cooper,2016
4,118,NYJ,Juston Burris,2016
4,119,HOU,Tyler Ervin,2016
4,120,NOR,David Onyemata,2016
4,121,MIN,Willie Beavers,2016
4,122,CIN,Andrew Billings,2016
4,123,PIT,Jerald Hawkins,2016
4,124,CHI,Deon Bush,2016
4,125,IND,Antonio Morrison,2016
4,126,KAN,Demarcus Robinson,2016
4,127,CHI,Deiondre' Hall,2016
4,128,ARI,Evan Boehm,2016
4,129,CLE,Derrick Kindred,2016
4,130,BAL,Alex Lewis,2016
4,131,GNB,Blake Martinez,2016
4,132,BAL,Willie Henry,2016
4,133,SFO,Rashard Robinson,2016
4,134,BAL,Kenneth Dixon,2016
4,135,DAL,Dak Prescott,2016
4,136,DEN,Devontae Booker,2016
4,137,GNB,Dean Lowry,2016
4,138,CLE,Seth Devalve,2016
4,139,BUF,Cardale Jones,2016
Rnd,Pick,Tm,Player,2016
5,140,TEN,Tajae Sharpe,2016
5,141,CAR,Zack Sanchez,2016
5,142,SFO,Ronald Blair,2016
5,143,OAK,DeAndre Washington,2016
5,144,DEN,Connor McGovern,2016
5,145,SFO,John Theus,2016
5,146,BAL,Matt Judon,2016
5,147,SEA,Quinton Jefferson,2016
5,148,TAM,Caleb Benenoch,2016
5,149,NYG,Paul Perkins,2016
5,150,CHI,Jordan Howard,2016
5,151,DET,Joe Dahl,2016
5,152,WAS,Matthew Ioannidis,2016
5,153,PHI,Wendell Smallwood,2016
5,154,CLE,Jordan Payton,2016
5,155,IND,Joe Haeg,2016
5,156,BUF,Jonathan Williams,2016
5,157,TEN,LeShaun Sims,2016
5,158,NYJ,Brandon Shell,2016
5,159,HOU,K.J. Dillon,2016
5,160,MIN,Kentrell Brothers,2016
5,161,CIN,Christian Westerman,2016
5,162,KAN,Kevin Hogan,2016
5,163,GNB,Trevor Davis,2016
5,164,PHI,Halapoulivaati Vaitai,2016
5,165,KAN,Tyreek Hill,2016
5,166,HOU,D.J. Reader,2016
5,167,ARI,Marqui Christian,2016
5,168,CLE,Spencer Drango,2016
5,169,DET,Antwione Williams,2016
5,170,ARI,Cole Toner,2016
5,171,SEA,Alex Collins,2016
5,172,CLE,Rashard Higgins,2016
5,173,CLE,Trey Caldwell,2016
5,174,SFO,Fahn Cooper,2016
5,175,SDG,Jatavis Brown,2016
Rnd,Pick,Tm,Player,2016
6,176,DEN,Andy Janovich,2016
6,177,LAR,Temarrick Hemingway,2016
6,178,KAN,D.J. White,2016
6,179,SDG,Drew Kaser,2016
6,180,MIN,Moritz Boehringer,2016
6,181,JAX,Tyrone Holmes,2016
6,182,BAL,Keenan Reynolds,2016
6,183,TAM,Devante Bond,2016
6,184,NYG,Jerell Adams,2016
6,185,CHI,DeAndre Houston-Carson,2016
6,186,MIA,Jakeem Grant,2016
6,187,WAS,Nate Sudfeld,2016
6,188,MIN,David Morgan,2016
6,189,DAL,Anthony Brown,2016
6,190,LAR,Josh Forrest,2016
6,191,DET,Jake Rudock,2016
6,192,BUF,Kolby Listenbee,2016
6,193,TEN,Sebastian Tretola,2016
6,194,OAK,Cory James,2016
6,195,ATL,Wes Schweitzer,2016
6,196,PHI,Blake Countess,2016
6,197,TAM,Danny Vitale,2016
6,198,SDG,Derek Watt,2016
6,199,CIN,Cody Core,2016
6,200,GNB,Kyle Murphy,2016
6,201,JAX,Brandon Allen,2016
6,202,DET,Anthony Zettel,2016
6,203,KAN,Dadi Nicolas,2016
6,204,MIA,Jordan Lucas,2016
6,205,ARI,Harlan Miller,2016
6,206,LAR,Mike Thomas,2016
6,207,SFO,Jeff Driskel,2016
6,208,NWE,Kamu Grugier-Hill,2016
6,209,BAL,Maurice Canady,2016
6,210,DET,Jimmy Landes,2016
6,211,SFO,Kelvin Taylor,2016
6,212,DAL,Kavon Frazier,2016
6,213,SFO,Aaron Burbridge,2016
6,214,NWE,Elandon Roberts,2016
6,215,SEA,Joey Hunt,2016
6,216,DAL,Darius Jackson,2016
6,217,DAL,Rico Gathers,2016
6,218,BUF,Kevon Seymour,2016
6,219,DEN,Will Parks,2016
6,220,PIT,Travis Feeney,2016
6,221,NWE,Ted Karras,2016
Rnd,Pick,Tm,Player,2016
7,222,TEN,Aaron Wallace,2016
7,223,MIA,Brandon Doughty,2016
7,224,SDG,Donavon Clark,2016
7,225,NWE,Devin Lucien,2016
7,226,JAX,Jonathan Woodard,2016
7,227,MIN,Stephen Weatherly,2016
7,228,DEN,Riley Dixon,2016
7,229,PIT,Demarcus Ayers,2016
7,230,CHI,Daniel Braverman,2016
7,231,MIA,Thomas Duarte,2016
7,232,WAS,Steven Daniels,2016
7,233,PHI,Jalen Mills,2016
7,234,OAK,Vadal Alexander,2016
7,235,NYJ,Lac Edwards,2016
7,236,DET,Dwayne Washington,2016
7,237,NOR,Daniel Lasco,2016
7,238,ATL,Devin Fuller,2016
7,239,IND,Trevor Bates,2016
7,240,PHI,Alex McCalister,2016
7,241,NYJ,Charone Peake,2016
7,242,WAS,Keith Marshall,2016
7,243,SEA,Kenny Lawler,2016
7,244,MIN,Jayron Kearse,2016
7,245,CIN,Clayton Fejedelem,2016
7,246,PIT,Tyler Matakevich,2016
7,247,SEA,Zac Brooks,2016
7,248,IND,Austin Blythe,2016
7,249,SFO,Prince Charles Iworah,2016
7,250,CLE,Scooby Wright III,2016
7,251,PHI,Joe Walker,2016
7,252,CAR,Beau Sandland,2016
7,253,TEN,Kalan Reed,2016
1,1,CLE,Myles Garrett,2017
1,2,CHI,Mitchell Trubisky,2017
1,3,SFO,Solomon Thomas,2017
1,4,JAX,Leonard Fournette,2017
1,5,TEN,Corey Davis,2017
1,6,NYJ,Jamal Adams,2017
1,7,LAC,Mike Williams,2017
1,8,CAR,Christian McCaffrey,2017
1,9,CIN,John Ross,2017
1,10,KAN,Patrick Mahomes,2017
1,11,NOR,Marshon Lattimore,2017
1,12,HOU,Deshaun Watson,2017
1,13,ARI,Haason Reddick,2017
1,14,PHI,Derek Barnett,2017
1,15,IND,Malik Hooker,2017
1,16,BAL,Marlon Humphrey,2017
1,17,WAS,Jonathan Allen,2017
1,18,TEN,Adoree' Jackson,2017
1,19,TAM,O.J. Howard,2017
1,20,DEN,Garett Bolles,2017
1,21,DET,Jarrad Davis,2017
1,22,MIA,Charles Harris,2017
1,23,NYG,Evan Engram,2017
1,24,OAK,Gareon Conley,2017
1,25,CLE,Jabrill Peppers,2017
1,26,ATL,Takkarist McKinley,2017
1,27,BUF,Tre'Davious White,2017
1,28,DAL,Taco Charlton,2017
1,29,CLE,David Njoku,2017
1,30,PIT,T.J. Watt,2017
1,31,SFO,Reuben Foster,2017
1,32,NOR,Ryan Ramczyk,2017
Rnd,Pick,Tm,Player,2017
2,33,GNB,Kevin King,2017
2,34,JAX,Cam Robinson,2017
2,35,SEA,Malik McDowell,2017
2,36,ARI,Budda Baker,2017
2,37,BUF,Zay Jones,2017
2,38,LAC,Forrest Lamp,2017
2,39,NYJ,Marcus Maye,2017
2,40,CAR,Curtis Samuel,2017
2,41,MIN,Dalvin Cook,2017
2,42,NOR,Marcus Williams,2017
2,43,PHI,Sidney Jones,2017
2,44,LAR,Gerald Everett,2017
2,45,CHI,Adam Shaheen,2017
2,46,IND,Quincy Wilson,2017
2,47,BAL,Tyus Bowser,2017
2,48,CIN,Joe Mixon,2017
2,49,WAS,Ryan Anderson,2017
2,50,TAM,Justin Evans,2017
2,51,DEN,DeMarcus Walker,2017
2,52,CLE,DeShone Kizer,2017
2,53,DET,Teez Tabor,2017
2,54,MIA,Raekwon McMillan,2017
2,55,NYG,Dalvin Tomlinson,2017
2,56,OAK,Obi Melifonwu,2017
2,57,HOU,Zach Cunningham,2017
2,58,SEA,Ethan Pocic,2017
2,59,KAN,Tanoh Kpassagnon,2017
2,60,DAL,Chidobe Awuzie,2017
2,61,GNB,Josh Jones,2017
2,62,PIT,JuJu Smith-Schuster,2017
2,63,BUF,Dion Dawkins,2017
2,64,CAR,Taylor Moton,2017
Rnd,Pick,Tm,Player,2017
3,65,CLE,Larry Ogunjobi,2017
3,66,SFO,Ahkello Witherspoon,2017
3,67,NOR,Alvin Kamara,2017
3,68,JAX,Dawuane Smoot,2017
3,69,LAR,Cooper Kupp,2017
3,70,MIN,Pat Elflein,2017
3,71,LAC,Dan Feeney,2017
3,72,TEN,Taywan Taylor,2017
3,73,CIN,Jordan Willis,2017
3,74,BAL,Chris Wormley,2017
3,75,ATL,Duke Riley,2017
3,76,NOR,Alex Anzalone,2017
3,77,CAR,Daeshon Hall,2017
3,78,BAL,Tim Williams,2017
3,79,NYJ,ArDarius Stewart,2017
3,80,IND,Tarell Basham,2017
3,81,WAS,Fabian Moreau,2017
3,82,DEN,Carlos Henderson,2017
3,83,NWE,Derek Rivers,2017
3,84,TAM,Chris Godwin,2017
3,85,NWE,Antonio Garcia,2017
3,86,KAN,Kareem Hunt,2017
3,87,NYG,Davis Webb,2017
3,88,OAK,Eddie Vanderdoes,2017
3,89,HOU,D'Onta Foreman,2017
3,90,SEA,Shaquill Griffin,2017
3,91,LAR,John Johnson,2017
3,92,DAL,Jourdan Lewis,2017
3,93,GNB,Montravius Adams,2017
3,94,PIT,Cameron Sutton,2017
3,95,SEA,Lano Hill,2017
3,96,DET,Kenny Golladay,2017
3,97,MIA,Cordrea Tankersley,2017
3,98,ARI,Chad Williams,2017
3,99,PHI,Rasul Douglas,2017
3,100,TEN,Jonnu Smith,2017
3,101,DEN,Brendan Langley,2017
3,102,SEA,Nazair Jones,2017
3,103,NOR,Trey Hendrickson,2017
3,104,SFO,C.J. Beathard,2017
3,105,PIT,James Conner,2017
3,106,SEA,Amara Darboh,2017
3,107,TAM,Kendell Beckwith,2017
Rnd,Pick,Tm,Player,2017
4,108,GNB,Vince Biegel,2017
4,109,MIN,Jaleel Johnson,2017
4,110,JAX,Dede Westbrook,2017
4,111,SEA,Tedric Thompson,2017
4,112,CHI,Eddie Jackson,2017
4,113,LAC,Rayshawn Jenkins,2017
4,114,WAS,Samaje Perine,2017
4,115,ARI,Dorian Johnson,2017
4,116,CIN,Carl Lawson,2017
4,117,LAR,Josh Reynolds,2017
4,118,PHI,Mack Hollins,2017
4,119,CHI,Tarik Cohen,2017
4,120,MIN,Ben Gedeon,2017
4,121,SFO,Joe Williams,2017
4,122,BAL,Nico Siragusa,2017
4,123,WAS,Montae Nicholson,2017
4,124,DET,Jalen Reeves-Maybin,2017
4,125,LAR,Samson Ebukam,2017
4,126,CLE,Howard Wilson,2017
4,127,DET,Michael Roberts,2017
4,128,CIN,Josh Malone,2017
4,129,OAK,David Sharpe,2017
4,130,HOU,Juli√©n Davenport,2017
4,131,NWE,Deatrich Wise Jr.,2017
4,132,PHI,Donnel Pumphrey,2017
4,133,DAL,Ryan Switzer,2017
4,134,GNB,Jamaal Williams,2017
4,135,PIT,Joshua Dobbs,2017
4,136,ATL,Sean Harlow,2017
4,137,IND,Zach Banner,2017
4,138,CIN,Ryan Glasgow,2017
4,139,KAN,Jehu Chesson,2017
4,140,NYG,Wayne Gallman,2017
4,141,NYJ,Chad Hansen,2017
4,142,HOU,Carlos Watkins,2017
4,143,IND,Marlon Mack,2017
4,144,IND,Grover Stewart,2017
Rnd,Pick,Tm,Player,2017
5,145,DEN,Jake Butt,2017
5,146,SFO,George Kittle,2017
5,147,CHI,Jordan Morgan,2017
5,148,JAX,Blair Brown,2017
5,149,ATL,Damontae Kazee,2017
5,150,NYJ,Jordan Leggett,2017
5,151,LAC,Desmond King,2017
5,152,CAR,Corn Elder,2017
5,153,CIN,Jake Elliott,2017
5,154,WAS,Jeremy Sprinkle,2017
5,155,TEN,Jayon Brown,2017
5,156,ATL,Brian Hill,2017
5,157,ARI,Will Holden,2017
5,158,IND,Nate Hairston,2017
5,159,BAL,Jermaine Eluemunor,2017
5,160,CLE,Roderick Johnson,2017
5,161,IND,Anthony Walker,2017
5,162,TAM,Jeremy McNichols,2017
5,163,BUF,Matt Milano,2017
5,164,MIA,Isaac Asiata,2017
5,165,DET,Jamal Agnew,2017
5,166,PHI,Shelton Gibson,2017
5,167,NYG,Avery Moss,2017
5,168,OAK,Marquel Lee,2017
5,169,HOU,Treston Decoud,2017
5,170,MIN,Rodney Adams,2017
5,171,BUF,Nathan Peterman,2017
5,172,DEN,Isaiah McKenzie,2017
5,173,PIT,Brian Allen,2017
5,174,ATL,Eric Saubert,2017
5,175,GNB,DeAngelo Yancey,2017
5,176,CIN,JJ Dielman,2017
5,177,SFO,Trent Taylor,2017
5,178,MIA,Davon Godchaux,2017
5,179,ARI,T.J. Logan,2017
5,180,MIN,Danny Isidora,2017
5,181,NYJ,Dylan Donahue,2017
5,182,GNB,Aaron Jones,2017
5,183,KAN,Ukeme Eligwe,2017
5,184,PHI,Nathan Gerry,2017
Rnd,Pick,Tm,Player,2017
6,185,CLE,Caleb Brantley,2017
6,186,BAL,Chuck Clark,2017
6,187,SEA,Michael Tyson,2017
6,188,NYJ,Elijah McGuire,2017
6,189,LAR,Tanzel Smart,2017
6,190,LAC,Sam Tevi,2017
6,191,DAL,Xavier Woods,2017
6,192,CAR,Alex Armah,2017
6,193,CIN,Jordan Evans,2017
6,194,MIA,Vincent Taylor,2017
6,195,BUF,Tanner Vallejo,2017
6,196,NOR,Al-Quadin Muhammad,2017
6,197,NYJ,Jeremy Clark,2017
6,198,SFO,D.J. Jones,2017
6,199,WAS,Chase Roullier,2017
6,200,NYG,Adam Bisnowaty,2017
6,201,MIN,Bucky Hodges,2017
6,202,SFO,Pita Taumoepenu,2017
6,203,DEN,De'Angelo Henderson,2017
6,204,NYJ,Derrick Jones,2017
6,205,DET,Jeremiah Ledbetter,2017
6,206,LAR,Sam Rogers,2017
6,207,CIN,Brandon Wilson,2017
6,208,ARI,Rudy Ford,2017
6,209,WAS,Robert Davis,2017
6,210,SEA,Justin Senior,2017
6,211,NWE,Conor McDermott,2017
6,212,GNB,Kofi Amichia,2017
6,213,PIT,Colin Holba,2017
6,214,PHI,Elijah Qualls,2017
6,215,DET,Brad Kaaya,2017
6,216,DAL,Marquez White,2017
6,217,TEN,Corey Levin,2017
6,218,KAN,Leon McQuay,2017
Rnd,Pick,Tm,Player,2017
7,219,MIN,Stacy Coley,2017
7,220,MIN,Ifeadi Odenigbo,2017
7,221,OAK,Shalom Luani,2017
7,222,JAX,Jalen Myrick,2017
7,223,TAM,Stevie Tu'ikolovatu,2017
7,224,CLE,Zane Gonzalez,2017
7,225,LAC,Isaac Rochell,2017
7,226,SEA,David Moore,2017
7,227,TEN,Josh Carraway,2017
7,228,DAL,Joey Ivie,2017
7,229,SFO,Adrian Colbert,2017
7,230,WAS,Josh Harvey-Clemons,2017
7,231,OAK,Jylan Ware,2017
7,232,MIN,Elijah Lee,2017
7,233,CAR,Harrison Butker,2017
7,234,LAR,Ejuan Price,2017
7,235,WAS,Joshua Holsey,2017
7,236,TEN,Brad Seaton,2017
7,237,MIA,Isaiah Ford,2017
7,238,GNB,Devante Mays,2017
7,239,DAL,Noah Brown,2017
7,240,JAX,Marquez Williams,2017
7,241,TEN,Khalfani Muhammad,2017
7,242,OAK,Elijah Hood,2017
7,243,HOU,Kyle Fuller,2017
7,244,OAK,Treyvon Hester,2017
7,245,MIN,Jack Tocho,2017
7,246,DAL,Jordan Carrell,2017
7,247,GNB,Malachi Dupre,2017
7,248,PIT,Keion Adams,2017
7,249,SEA,Chris Carson,2017
7,250,DET,Pat O'Connor,2017
7,251,CIN,Mason Schreck,2017
7,252,CLE,Matthew Dayes,2017
7,253,DEN,Chad Kelly,2017
1,1,CLE,Baker Mayfield,2018
1,2,NYG,Saquon Barkley,2018
1,3,NYJ,Sam Darnold,2018
1,4,CLE,Denzel Ward,2018
1,5,DEN,Bradley Chubb,2018
1,6,IND,Quenton Nelson,2018
1,7,BUF,Josh Allen,2018
1,8,CHI,Roquan Smith,2018
1,9,SFO,Mike McGlinchey,2018
1,10,ARI,Josh Rosen,2018
1,11,MIA,Minkah Fitzpatrick,2018
1,12,TAM,Vita Vea,2018
1,13,WAS,Daron Payne,2018
1,14,NOR,Marcus Davenport,2018
1,15,OAK,Kolton Miller,2018
1,16,BUF,Tremaine Edmunds,2018
1,17,LAC,Derwin James,2018
1,18,GNB,Jaire Alexander,2018
1,19,DAL,Leighton Vander Esch,2018
1,20,DET,Frank Ragnow,2018
1,21,CIN,Billy Price,2018
1,22,TEN,Rashaan Evans,2018
1,23,NWE,Isaiah Wynn,2018
1,24,CAR,D.J. Moore,2018
1,25,BAL,Hayden Hurst,2018
1,26,ATL,Calvin Ridley,2018
1,27,SEA,Rashaad Penny,2018
1,28,PIT,Terrell Edmunds,2018
1,29,JAX,Taven Bryan,2018
1,30,MIN,Mike Hughes,2018
1,31,NWE,Sony Michel,2018
1,32,BAL,Lamar Jackson,2018
Rnd,Pick,Tm,Player,2018
2,33,CLE,Austin Corbett,2018
2,34,NYG,Will Hernandez,2018
2,35,CLE,Nick Chubb,2018
2,36,IND,Shaquille Leonard,2018
2,37,IND,Braden Smith,2018
2,38,TAM,Ronald Jones II,2018
2,39,CHI,James Daniels,2018
2,40,DEN,Courtland Sutton,2018
2,41,TEN,Harold Landry,2018
2,42,MIA,Mike Gesicki,2018
2,43,DET,Kerryon Johnson,2018
2,44,SFO,Dante Pettis,2018
2,45,GNB,Josh Jackson,2018
2,46,KAN,Breeland Speaks,2018
2,47,ARI,Christian Kirk,2018
2,48,LAC,Uchenna Nwosu,2018
2,49,PHI,Dallas Goedert,2018
2,50,DAL,Connor Williams,2018
2,51,CHI,Anthony Miller,2018
2,52,IND,Kemoko Turay,2018
2,53,TAM,M.J. Stewart,2018
2,54,CIN,Jessie Bates III,2018
2,55,CAR,Donte Jackson,2018
2,56,NWE,Duke Dawson,2018
2,57,OAK,P.J. Hall,2018
2,58,ATL,Isaiah Oliver,2018
2,59,WAS,Derrius Guice,2018
2,60,PIT,James Washington,2018
2,61,JAX,DJ Chark,2018
2,62,MIN,Brian O'Neill,2018
2,63,TAM,Carlton Davis,2018
2,64,IND,Tyquan Lewis,2018
Rnd,Pick,Tm,Player,2018
3,65,OAK,Brandon Parker,2018
3,66,NYG,Lorenzo Carter,2018
3,67,CLE,Chad Thomas,2018
3,68,HOU,Justin Reid,2018
3,69,NYG,B.J. Hill,2018
3,70,SFO,Fred Warner,2018
3,71,DEN,Royce Freeman,2018
3,72,NYJ,Nathan Shepherd,2018
3,73,MIA,Jerome Baker,2018
3,74,WAS,Geron Christian,2018
3,75,KAN,Derrick Nnadi,2018
3,76,PIT,Mason Rudolph,2018
3,77,CIN,Sam Hubbard,2018
3,78,CIN,Malik Jefferson,2018
3,79,SEA,Rasheem Green,2018
3,80,HOU,Martinas Rankin,2018
3,81,DAL,Michael Gallup,2018
3,82,DET,Tracy Walker,2018
3,83,BAL,Orlando Brown Jr.,2018
3,84,LAC,Justin Jones,2018
3,85,CAR,Rashaan Gaulden,2018
3,86,BAL,Mark Andrews,2018
3,87,OAK,Arden Key,2018
3,88,GNB,Oren Burks,2018
3,89,LAR,Joseph Noteboom,2018
3,90,ATL,Deadrin Senat,2018
3,91,NOR,Tre'Quan Smith,2018
3,92,PIT,Chukwuma Okorafor,2018
3,93,JAX,Ronnie Harrison,2018
3,94,TAM,Alex Cappa,2018
3,95,SFO,Tarvarius Moore,2018
3,96,BUF,Harrison Phillips,2018
3,97,ARI,Mason Cole,2018
3,98,HOU,Jordan Akins,2018
3,99,DEN,Isaac Yiadom,2018
3,100,KAN,Dorian O'Daniel,2018
Rnd,Pick,Tm,Player,2018
4,101,CAR,Ian Thomas,2018
4,102,MIN,Jalyn Holmes,2018
4,103,HOU,Keke Coutee,2018
4,104,IND,Nyheim Hines,2018
4,105,CLE,Antonio Callaway,2018
4,106,DEN,Josey Jewell,2018
4,107,NYJ,Chris Herndon,2018
4,108,NYG,Kyle Lauletta,2018
4,109,WAS,Troy Apke,2018
4,110,OAK,Nick Nelson,2018
4,111,LAR,Brian Allen,2018
4,112,CIN,Mark Walton,2018
4,113,DEN,DaeSean Hamilton,2018
4,114,DET,Da'Shawn Hand,2018
4,115,CHI,Joel Iyiegbuniwe,2018
4,116,DAL,Dorance Armstrong Jr.,2018
4,117,TAM,Jordan Whitehead,2018
4,118,BAL,Anthony Averett,2018
4,119,LAC,Kyzir White,2018
4,120,SEA,Will Dissly,2018
4,121,BUF,Taron Johnson,2018
4,122,BAL,Kenny Young,2018
4,123,MIA,Durham Smythe,2018
4,124,KAN,Armani Watts,2018
4,125,PHI,Avonte Maddox,2018
4,126,ATL,Ito Smith,2018
4,127,NOR,Rick Leonard,2018
4,128,SFO,Kentavius Street,2018
4,129,JAX,Will Richardson,2018
4,130,PHI,Josh Sweat,2018
4,131,MIA,Kalen Ballage,2018
4,132,BAL,Jaleel Scott,2018
4,133,GNB,J'Mon Moore,2018
4,134,ARI,Chase Edmonds,2018
4,135,LAR,John Franklin-Myers,2018
4,136,CAR,Marquis Haynes,2018
4,137,DAL,Dalton Schultz,2018
Rnd,Pick,Tm,Player,2018
5,138,GNB,Cole Madison,2018
5,139,NYG,R.J. McIntosh,2018
5,140,OAK,Maurice Hurst Jr.,2018
5,141,SEA,Shaquem Griffin,2018
5,142,SFO,D.J. Reed,2018
5,143,NWE,Ja'Whaun Bentley,2018
5,144,TAM,Justin Watson,2018
5,145,CHI,Bilal Nichols,2018
5,146,SEA,Tre Flowers,2018
5,147,LAR,Micah Kiser,2018
5,148,PIT,Marcus Allen,2018
5,149,SEA,Michael Dickson,2018
5,150,CLE,Genard Avery,2018
5,151,CIN,Davontae Harris,2018
5,152,TEN,Dane Cruikshank,2018
5,153,DET,Tyrell Crosby,2018
5,154,BUF,Siran Neal,2018
5,155,LAC,Scott Quessenberry,2018
5,156,DEN,Troy Fumagalli,2018
5,157,MIN,Tyler Conklin,2018
5,158,CIN,Andrew Brown,2018
5,159,IND,Daurice Fountain,2018
5,160,LAR,Ogbonnia Okoronkwo,2018
5,161,CAR,Jermaine Carter Jr.,2018
5,162,BAL,Jordan Lasley,2018
5,163,WAS,Tim Settle,2018
5,164,NOR,Natrell Jamerson,2018
5,165,PIT,Jaylen Samuels,2018
5,166,BUF,Wyatt Teller,2018
5,167,MIN,Daniel Carlson,2018
5,168,SEA,Jamarco Jones,2018
5,169,IND,Jordan Wilkins,2018
5,170,CIN,Darius Phillips,2018
5,171,DAL,Mike White,2018
5,172,GNB,JK Scott,2018
5,173,OAK,Johnny Townsend,2018
5,174,GNB,Marquez Valdes-Scantling,2018
Rnd,Pick,Tm,Player,2018
6,175,CLE,Damion Ratley,2018
6,176,LAR,John Kelly,2018
6,177,HOU,Duke Ejiofor,2018
6,178,NWE,Christian Sam,2018
6,179,NYJ,Parry Nickerson,2018
6,180,NYJ,Folorunso Fatukasi,2018
6,181,CHI,Kylie Fitts,2018
6,182,ARI,Christian Campbell,2018
6,183,DEN,Sam Jones,2018
6,184,SFO,Marcell Harris,2018
6,185,IND,Deon Cain,2018
6,186,SEA,Jacob Martin,2018
6,187,BUF,Ray-Ray McCloud,2018
6,188,CLE,Simeon Thomas,2018
6,189,NOR,Kamrin Moore,2018
6,190,BAL,DeShon Elliott,2018
6,191,LAC,Dylan Cantrell,2018
6,192,LAR,Jamil Demby,2018
6,193,DAL,Chris Covington,2018
6,194,ATL,Russell Gage,2018
6,195,LAR,Sebastian Joseph-Day,2018
6,196,KAN,Tremon Smith,2018
6,197,WAS,Shaun Dion Hamilton,2018
6,198,KAN,Kahlil McKenzie,2018
6,199,TEN,Luke Falk,2018
6,200,ATL,Foyesade Oluokun,2018
6,201,NOR,Boston Scott,2018
6,202,TAM,Jack Cichy,2018
6,203,JAX,Tanner Lee,2018
6,204,NYJ,Trenton Cannon,2018
6,205,LAR,Trevon Young,2018
6,206,PHI,Matt Pryor,2018
6,207,GNB,Equanimeous St. Brown,2018
6,208,DAL,Cedrick Wilson Jr.,2018
6,209,MIA,Cornell Armstrong,2018
6,210,NWE,Braxton Berrios,2018
6,211,HOU,Jordan Thomas,2018
6,212,BAL,Greg Senat,2018
6,213,MIN,Colby Gossett,2018
6,214,HOU,Peter Kalambayi,2018
6,215,BAL,Bradley Bozeman,2018
6,216,OAK,Azeem Victor,2018
6,217,DEN,Keishawn Bierria,2018
6,218,MIN,Ade Aruna,2018
Rnd,Pick,Tm,Player,2018
7,219,NWE,Danny Etling,2018
7,220,SEA,Alex McGough,2018
7,221,IND,Matthew Adams,2018
7,222,HOU,Jermaine Kelly,2018
7,223,SFO,Jullian Taylor,2018
7,224,CHI,Javon Wims,2018
7,225,MIN,Devante Downs,2018
7,226,DEN,David Williams,2018
7,227,MIA,Quentin Poling,2018
7,228,OAK,Marcell Ateman,2018
7,229,MIA,Jason Sanders,2018
7,230,JAX,Leon Jacobs,2018
7,231,LAR,Travin Howard,2018
7,232,GNB,James Looney,2018
7,233,PHI,Jordan Mailata,2018
7,234,CAR,Andre Smith,2018
7,235,IND,Zaire Franklin,2018
7,236,DAL,Bo Scarbrough,2018
7,237,DET,Nick Bawden,2018
7,238,BAL,Zach Sieler,2018
7,239,GNB,Hunter Bradley,2018
7,240,SFO,Richie James,2018
7,241,WAS,Greg Stroman,2018
7,242,CAR,Kendrick Norton,2018
7,243,NWE,Keion Crossen,2018
7,244,LAR,Justin Lawler,2018
7,245,NOR,Will Clapp,2018
7,246,PIT,Joshua Frazier,2018
7,247,JAX,Logan Cooke,2018
7,248,GNB,Kendall Donnerson,2018
7,249,CIN,Logan Woodside,2018
7,250,NWE,Ryan Izzo,2018
7,251,LAC,Justin Jackson,2018
7,252,CIN,Rod Taylor,2018
7,253,CIN,Auden Tate,2018
7,254,ARI,Korey Cunningham,2018
7,255,BUF,Austin Proehl,2018
7,256,WAS,Trey Quinn,2018
1,1,ARI,Kyler Murray,2019
1,2,SFO,Nick Bosa,2019
1,3,NYJ,Quinnen Williams,2019
1,4,OAK,Clelin Ferrell,2019
1,5,TAM,Devin White,2019
1,6,NYG,Daniel Jones,2019
1,7,JAX,Josh Hines-Allen,2019
1,8,DET,T.J. Hockenson,2019
1,9,BUF,Ed Oliver,2019
1,10,PIT,Devin Bush Jr.,2019
1,11,CIN,Jonah Williams,2019
1,12,GNB,Rashan Gary,2019
1,13,MIA,Christian Wilkins,2019
1,14,ATL,Chris Lindstrom,2019
1,15,WAS,Dwayne Haskins,2019
1,16,CAR,Brian Burns,2019
1,17,NYG,Dexter Lawrence,2019
1,18,MIN,Garrett Bradbury,2019
1,19,TEN,Jeffery Simmons,2019
1,20,DEN,Noah Fant,2019
1,21,GNB,Darnell Savage Jr.,2019
1,22,PHI,Andre Dillard,2019
1,23,HOU,Tytus Howard,2019
1,24,OAK,Josh Jacobs,2019
1,25,BAL,Marquise Brown,2019
1,26,WAS,Montez Sweat,2019
1,27,OAK,Johnathan Abram,2019
1,28,LAC,Jerry Tillery,2019
1,29,SEA,L.J. Collier,2019
1,30,NYG,Deandre Baker,2019
1,31,ATL,Kaleb McGary,2019
1,32,NWE,N'Keal Harry,2019
Rnd,Pick,Tm,Player,2019
2,33,ARI,Byron Murphy,2019
2,34,IND,Rock Ya-Sin,2019
2,35,JAX,Jawaan Taylor,2019
2,36,SFO,Deebo Samuel,2019
2,37,CAR,Greg Little,2019
2,38,BUF,Cody Ford,2019
2,39,TAM,Sean Murphy-Bunting,2019
2,40,OAK,Trayvon Mullen,2019
2,41,DEN,Dalton Risner,2019
2,42,DEN,Drew Lock,2019
2,43,DET,Jahlani Tavai,2019
2,44,GNB,Elgton Jenkins,2019
2,45,NWE,Joejuan Williams,2019
2,46,CLE,Greedy Williams,2019
2,47,SEA,Marquise Blair,2019
2,48,NOR,Erik McCoy,2019
2,49,IND,Ben Banogu,2019
2,50,MIN,Irv Smith Jr.,2019
2,51,TEN,A.J. Brown,2019
2,52,CIN,Drew Sample,2019
2,53,PHI,Miles Sanders,2019
2,54,HOU,Lonnie Johnson Jr.,2019
2,55,HOU,Max Scharping,2019
2,56,KAN,Mecole Hardman,2019
2,57,PHI,JJ Arcega-Whiteside,2019
2,58,DAL,Trysten Hill,2019
2,59,IND,Parris Campbell,2019
2,60,LAC,Nasir Adderley,2019
2,61,LAR,Taylor Rapp,2019
2,62,ARI,Andy Isabella,2019
2,63,KAN,Juan Thornhill,2019
2,64,SEA,D.K. Metcalf,2019
Rnd,Pick,Tm,Player,2019
3,65,ARI,Zach Allen,2019
3,66,PIT,Diontae Johnson,2019
3,67,SFO,Jalen Hurd,2019
3,68,NYJ,Jachai Polite,2019
3,69,JAX,Josh Oliver,2019
3,70,LAR,Darrell Henderson,2019
3,71,DEN,Dre'Mont Jones,2019
3,72,CIN,Germaine Pratt,2019
3,73,CHI,David Montgomery,2019
3,74,BUF,Devin Singletary,2019
3,75,GNB,Jace Sternberger,2019
3,76,WAS,Terry McLaurin,2019
3,77,NWE,Chase Winovich,2019
3,78,MIA,Michael Deiter,2019
3,79,LAR,David Long,2019
3,80,CLE,Sione Takitaki,2019
3,81,DET,Will Harris,2019
3,82,TEN,Nate Davis,2019
3,83,PIT,Justin Layne,2019
3,84,KAN,Khalen Saunders,2019
3,85,BAL,Jaylon Ferguson,2019
3,86,HOU,Kahale Warring,2019
3,87,NWE,Damien Harris,2019
3,88,SEA,Cody Barton,2019
3,89,IND,Bobby Okereke,2019
3,90,DAL,Connor McGovern,2019
3,91,LAC,Trey Pipkins,2019
3,92,NYJ,Chuma Edoga,2019
3,93,BAL,Miles Boykin,2019
3,94,TAM,Jamel Dean,2019
3,95,NYG,Oshane Ximines,2019
3,96,BUF,Dawson Knox,2019
3,97,LAR,Bobby Evans,2019
3,98,JAX,Quincy Williams,2019
3,99,TAM,Mike Edwards,2019
3,100,CAR,Will Grier,2019
3,101,NWE,Yodny Cajuste,2019
3,102,MIN,Alexander Mattison,2019
Rnd,Pick,Tm,Player,2019
4,103,ARI,Hakeem Butler,2019
4,104,CIN,Ryan Finley,2019
4,105,NOR,C.J. Gardner-Johnson,2019
4,106,OAK,Maxx Crosby,2019
4,107,TAM,Anthony Nelson,2019
4,108,NYG,Julian Love,2019
4,109,IND,Khari Willis,2019
4,110,SFO,Mitch Wishnowsky,2019
4,111,ATL,Kendall Sheffield,2019
4,112,WAS,Bryce Love,2019
4,113,BAL,Justice Hill,2019
4,114,MIN,Dru Samia,2019
4,115,CAR,Christian Miller,2019
4,116,TEN,Amani Hooker,2019
4,117,DET,Austin Bryant,2019
4,118,NWE,Hjalte Froholdt,2019
4,119,CLE,Sheldrick Redwine,2019
4,120,SEA,Gary Jennings Jr,2019
4,121,NYJ,Trevon Wesco,2019
4,122,PIT,Benny Snell Jr.,2019
4,123,BAL,Ben Powers,2019
4,124,SEA,Phil Haynes,2019
4,125,CIN,Renell Wren,2019
4,126,CHI,Riley Ridley,2019
4,127,BAL,Iman Marshall,2019
4,128,DAL,Tony Pollard,2019
4,129,OAK,Isaiah Johnson,2019
4,130,LAC,Drue Tranquill,2019
4,131,WAS,Wes Martin,2019
4,132,SEA,Ugo Amadi,2019
4,133,NWE,Jarrett Stidham,2019
4,134,LAR,Greg Gaines,2019
4,135,ATL,John Cominsky,2019
4,136,CIN,Michael Jordan,2019
4,137,OAK,Foster Moreau,2019
4,138,PHI,Shareef Miller,2019
Rnd,Pick,Tm,Player,2019
5,139,ARI,Deionte Thompson,2019
5,140,JAX,Ryquell Armstead,2019
5,141,PIT,Zach Gentry,2019
5,142,SEA,Ben Burr-Kirven,2019
5,143,NYG,Ryan Connelly,2019
5,144,IND,Marvell Tell III,2019
5,145,TAM,Matt Gay,2019
5,146,DET,Amani Oruwariye,2019
5,147,BUF,Vosean Joseph,2019
5,148,SFO,Dre Greenlaw,2019
5,149,OAK,Hunter Renfrow,2019
5,150,GNB,Kingsley Keke,2019
5,151,MIA,Andrew Van Ginkel,2019
5,152,ATL,Qadree Ollison,2019
5,153,WAS,Ross Pierschbacher,2019
5,154,CAR,Jordan Scarlett,2019
5,155,CLE,Mack Wilson,2019
5,156,DEN,Justin Hollins,2019
5,157,NYJ,Blake Cashman,2019
5,158,DAL,Michael Jackson,2019
5,159,NWE,Byron Cowart,2019
5,160,BAL,Daylon Mack,2019
5,161,HOU,Charles Omenihu,2019
5,162,MIN,Cameron Smith,2019
5,163,NWE,Jake Bailey,2019
5,164,IND,E.J. Speed,2019
5,165,DAL,Joe Jackson,2019
5,166,LAC,Easton Stick,2019
5,167,PHI,Clayton Thorson,2019
5,168,TEN,D'Andre Walker,2019
5,169,LAR,David Edwards,2019
5,170,CLE,Austin Seibert,2019
5,171,NYG,Darius Slayton,2019
5,172,ATL,Jordan Miller,2019
5,173,WAS,Cole Holcomb,2019
Rnd,Pick,Tm,Player,2019
6,174,ARI,KeeSean Johnson,2019
6,175,PIT,Sutton Smith,2019
6,176,SFO,Kaden Smith,2019
6,177,NOR,Saquan Hampton,2019
6,178,JAX,Gardner Minshew II,2019
6,179,ARI,Lamont Gaillard,2019
6,180,NYG,Corey Ballentine,2019
6,181,BUF,Jaquan Johnson,2019
6,182,CIN,Trayveon Williams,2019
6,183,SFO,Justin Skule,2019
6,184,DET,Travis Fulgham,2019
6,185,GNB,Ka'dar Hollman,2019
6,186,DET,Ty Johnson,2019
6,187,DEN,Juwann Winfree,2019
6,188,TEN,David Long,2019
6,189,CLE,Drew Forbes,2019
6,190,MIN,Armon Watts,2019
6,191,MIN,Marcus Epps,2019
6,192,PIT,Isaiah Buggs,2019
6,193,MIN,Oli Udoh,2019
6,194,GNB,Dexter Williams,2019
6,195,HOU,Xavier Crawford,2019
6,196,NYJ,Blessuan Austin,2019
6,197,BAL,Trace McSorley,2019
6,198,SFO,Tim Harris,2019
6,199,IND,Gerri Green,2019
6,200,LAC,Emeke Egbule,2019
6,201,KAN,Rashad Fenton,2019
6,202,MIA,Isaiah Prince,2019
6,203,ATL,Marcus Green,2019
6,204,SEA,Travis Homer,2019
6,205,CHI,Duke Shelley,2019
6,206,WAS,Kelvin Harmon,2019
6,207,PIT,Ulysees Gilbert,2019
6,208,TAM,Scott Miller,2019
6,209,SEA,Demarcus Christmas,2019
6,210,CIN,Deshaun Davis,2019
6,211,CIN,Rodney Anderson,2019
6,212,CAR,Dennis Daley,2019
6,213,DAL,Donovan Wilson,2019
6,214,KAN,Darwin Thompson,2019
Rnd,Pick,Tm,Player,2019
7,215,TAM,Terry Beckner,2019
7,216,KAN,Nick Allegretti,2019
7,217,MIN,Kris Boyd,2019
7,218,DAL,Mike Weber,2019
7,219,PIT,Derwin Gray,2019
7,220,HOU,Cullen Gillaspia,2019
7,221,CLE,Donnie Lewis Jr.,2019
7,222,CHI,Kerrith Whyte Jr,2019
7,223,CIN,Jordan Brown,2019
7,224,DET,Isaac Nauta,2019
7,225,BUF,Darryl Johnson,2019
7,226,GNB,Ty Summers,2019
7,227,WAS,Jimmy Moreland,2019
7,228,BUF,Tommy Sweeney,2019
7,229,DET,P.J. Johnson,2019
7,230,OAK,Quinton Bell,2019
7,231,NOR,Aliz√© Mack,2019
7,232,NYG,George Asafo-Adjei,2019
7,233,MIA,Chandler Cox,2019
7,234,MIA,Myles Gaskin,2019
7,235,JAX,Dontavius Russell,2019
7,236,SEA,John Ursua,2019
7,237,CAR,Terry Godwin,2019
7,238,CHI,Stephen Denmark,2019
7,239,MIN,Dillon Mitchell,2019
7,240,IND,Jackson Barton,2019
7,241,DAL,Jalen Jelks,2019
7,242,LAC,Cortez Broughton,2019
7,243,LAR,Nick Scott,2019
7,244,NOR,Kaden Elliss,2019
7,245,NYG,Chris Slayton,2019
7,246,IND,Javon Patterson,2019
7,247,MIN,Olabisi Johnson,2019
7,248,ARI,Joshua Miles,2019
7,249,ARI,Michael Dogbe,2019
7,250,MIN,Austin Cutting,2019
7,251,LAR,Dakota Allen,2019
7,252,NWE,Ken Webster,2019
7,253,WAS,Jordan Brailford,2019
7,254,ARI,Caleb Wilson,2019
1,1,CIN,Joe Burrow,2020
1,2,WAS,Chase Young,2020
1,3,DET,Jeff Okudah,2020
1,4,NYG,Andrew Thomas,2020
1,5,MIA,Tua Tagovailoa,2020
1,6,LAC,Justin Herbert,2020
1,7,CAR,Derrick Brown,2020
1,8,ARI,Isaiah Simmons,2020
1,9,JAX,C.J. Henderson,2020
1,10,CLE,Jedrick Wills Jr.,2020
1,11,NYJ,Mekhi Becton,2020
1,12,LVR,Henry Ruggs III,2020
1,13,TAM,Tristan Wirfs,2020
1,14,SFO,Javon Kinlaw,2020
1,15,DEN,Jerry Jeudy,2020
1,16,ATL,AJ Terrell,2020
1,17,DAL,CeeDee Lamb,2020
1,18,MIA,Austin Jackson,2020
1,19,LVR,Damon Arnette,2020
1,20,JAX,K'Lavon Chaisson,2020
1,21,PHI,Jalen Reagor,2020
1,22,MIN,Justin Jefferson,2020
1,23,LAC,Kenneth Murray,2020
1,24,NOR,Cesar Ruiz,2020
1,25,SFO,Brandon Aiyuk,2020
1,26,GNB,Jordan Love,2020
1,27,SEA,Jordyn Brooks,2020
1,28,BAL,Patrick Queen,2020
1,29,TEN,Isaiah Wilson,2020
1,30,MIA,Noah Igbinoghene,2020
1,31,MIN,Jeff Gladney,2020
1,32,KAN,Clyde Edwards-Helaire,2020
Rnd,Pick,Tm,Player,2020
2,33,CIN,Tee Higgins,2020
2,34,IND,Michael Pittman Jr.,2020
2,35,DET,D'Andre Swift,2020
2,36,NYG,Xavier McKinney,2020
2,37,NWE,Kyle Dugger,2020
2,38,CAR,Yetur Gross-Matos,2020
2,39,MIA,Robert Hunt,2020
2,40,HOU,Ross Blacklock,2020
2,41,IND,Jonathan Taylor,2020
2,42,JAX,Laviska Shenault Jr.,2020
2,43,CHI,Cole Kmet,2020
2,44,CLE,Grant Delpit,2020
2,45,TAM,Antoine Winfield Jr.,2020
2,46,DEN,KJ Hamler,2020
2,47,ATL,Marlon Davidson,2020
2,48,SEA,Darrell Taylor,2020
2,49,PIT,Chase Claypool,2020
2,50,CHI,Jaylon Johnson,2020
2,51,DAL,Trevon Diggs,2020
2,52,LAR,Cam Akers,2020
2,53,PHI,Jalen Hurts,2020
2,54,BUF,A.J. Epenesa,2020
2,55,BAL,J.K. Dobbins,2020
2,56,MIA,Raekwon Davis,2020
2,57,LAR,Van Jefferson,2020
2,58,MIN,Ezra Cleveland,2020
2,59,NYJ,Denzel Mims,2020
2,60,NWE,Josh Uche,2020
2,61,TEN,Kristian Fulton,2020
2,62,GNB,AJ Dillon,2020
2,63,KAN,Willie Gay Jr.,2020
2,64,CAR,Jeremy Chinn,2020
Rnd,Pick,Tm,Player,2020
3,65,CIN,Logan Wilson,2020
3,66,WAS,Antonio Gibson,2020
3,67,DET,Julian Okwara,2020
3,68,NYJ,Ashtyn Davis,2020
3,69,SEA,Damien Lewis,2020
3,70,MIA,Brandon Jones,2020
3,71,BAL,Nnamdi Madubuike,2020
3,72,ARI,Josh Jones,2020
3,73,JAX,DaVon Hamilton,2020
3,74,NOR,Zack Baun,2020
3,75,DET,Jonah Jackson,2020
3,76,TAM,Ke'Shawn Vaughn,2020
3,77,DEN,Michael Ojemudia,2020
3,78,ATL,Matt Hennessy,2020
3,79,NYJ,Jabari Zuniga,2020
3,80,LVR,Lynn Bowden Jr.,2020
3,81,LVR,Bryan Edwards,2020
3,82,DAL,Neville Gallimore,2020
3,83,DEN,Lloyd Cushenberry III,2020
3,84,LAR,Terrell Lewis,2020
3,85,IND,Julian Blackmon,2020
3,86,BUF,Zack Moss,2020
3,87,NWE,Anfernee Jennings,2020
3,88,CLE,Jordan Elliott,2020
3,89,MIN,Cameron Dantzler,2020
3,90,HOU,Jonathan Greenard,2020
3,91,NWE,Devin Asiasi,2020
3,92,BAL,Devin Duvernay,2020
3,93,TEN,Darrynton Evans,2020
3,94,GNB,Josiah Deguara,2020
3,95,DEN,McTelvin Agim,2020
3,96,KAN,Lucas Niang,2020
3,97,CLE,Jacob Phillips,2020
3,98,BAL,Malik Harrison,2020
3,99,NYG,Matt Peart,2020
3,100,LVR,Tanner Muse,2020
3,101,NWE,Dalton Keene,2020
3,102,PIT,Alex Highsmith,2020
3,103,PHI,Davion Taylor,2020
3,104,LAR,Terrell Burgess,2020
3,105,NOR,Adam Trautman,2020
3,106,BAL,Tyre Phillips,2020
Rnd,Pick,Tm,Player,2020
4,107,CIN,Akeem Davis-Gaither,2020
4,108,WAS,Saahdiq Charles,2020
4,109,LVR,John Simpson,2020
4,110,NYG,Darnay Holmes,2020
4,111,MIA,Solomon Kindley,2020
4,112,LAC,Joshua Kelley,2020
4,113,CAR,Troy Pride Jr.,2020
4,114,ARI,Leki Fotu,2020
4,115,CLE,Harrison Bryant,2020
4,116,JAX,Ben Bartch,2020
4,117,MIN,D.J. Wonnum,2020
4,118,DEN,Albert Okwuegbunam,2020
4,119,ATL,Mykal Walker,2020
4,120,NYJ,La'Mical Perine,2020
4,121,DET,Logan Stenberg,2020
4,122,IND,Jacob Eason,2020
4,123,DAL,Reggie Robinson II,2020
4,124,PIT,Anthony McFarland Jr.,2020
4,125,NYJ,James Morgan,2020
4,126,HOU,Charlie Heck,2020
4,127,PHI,K'Von Wallace,2020
4,128,BUF,Gabriel Davis,2020
4,129,NYJ,Cameron Clark,2020
4,130,MIN,James Lynch,2020
4,131,ARI,Rashard Lawrence,2020
4,132,MIN,Troy Dye,2020
4,133,SEA,Colby Parkinson,2020
4,134,ATL,Jaylinn Hawkins,2020
4,135,PIT,Kevin Dotson,2020
4,136,LAR,Brycen Hopkins,2020
4,137,JAX,Josiah Scott,2020
4,138,KAN,L'Jarius Sneed,2020
4,139,LVR,Amik Robertson,2020
4,140,JAX,Shaquille Quarterman,2020
4,141,HOU,John Reid,2020
4,142,WAS,Antonio Gandy-Golden,2020
4,143,BAL,Ben Bredeson,2020
4,144,SEA,DeeJay Dallas,2020
4,145,PHI,Jack Driscoll,2020
4,146,DAL,Tyler Biadasz,2020
Rnd,Pick,Tm,Player,2020
5,147,CIN,Khalid Kareem,2020
5,148,SEA,Alton Robinson,2020
5,149,IND,Danny Pinter,2020
5,150,NYG,Shane Lemieux,2020
5,151,LAC,Joe Reed,2020
5,152,CAR,Kenny Robinson Jr.,2020
5,153,SFO,Colton McKivitz,2020
5,154,MIA,Jason Strowbridge,2020
5,155,CHI,Trevis Gipson,2020
5,156,WAS,Keith Ismael,2020
5,157,JAX,Daniel Thomas,2020
5,158,NYJ,Bryce Hall,2020
5,159,NWE,Justin Rohrwasser,2020
5,160,CLE,Nick Harris,2020
5,161,TAM,Tyler Johnson,2020
5,162,WAS,Khaleke Hudson,2020
5,163,CHI,Kindle Vildor,2020
5,164,MIA,Curtis Weaver,2020
5,165,JAX,Collin Johnson,2020
5,166,DET,Quintez Cephus,2020
5,167,BUF,Jake Fromm,2020
5,168,PHI,John Hightower,2020
5,169,MIN,Harrison Hand,2020
5,170,BAL,Broderick Washington Jr.,2020
5,171,HOU,Isaiah Coulter,2020
5,172,DET,Jason Huntley,2020
5,173,CHI,Darnell Mooney,2020
5,174,TEN,Larrell Murchison,2020
5,175,GNB,Kamal Martin,2020
5,176,MIN,K.J. Osborn,2020
5,177,KAN,Michael Danna,2020
5,178,DEN,Justin Strnad,2020
5,179,DAL,Bradlee Anae,2020
Rnd,Pick,Tm,Player,2020
6,180,CIN,Hakeem Adeniji,2020
6,181,DEN,Netane Muti,2020
6,182,NWE,Michael Onwenu,2020
6,183,NYG,Cam Brown,2020
6,184,CAR,Bravvion Roy,2020
6,185,MIA,Blake Ferguson,2020
6,186,LAC,Alohi Gilman,2020
6,187,CLE,Donovan Peoples-Jones,2020
6,188,BUF,Tyler Bass,2020
6,189,JAX,Jake Luton,2020
6,190,SFO,Charlie Woerner,2020
6,191,NYJ,Braden Mann,2020
6,192,GNB,Jon Runyan Jr.,2020
6,193,IND,Robert Windsor,2020
6,194,TAM,Khalil Davis,2020
6,195,NWE,Justin Herron,2020
6,196,PHI,Shaun Bradley,2020
6,197,DET,John Penisini,2020
6,198,PIT,Antoine Brooks Jr.,2020
6,199,LAR,Jordan Fuller,2020
6,200,PHI,Quez Watkins,2020
6,201,BAL,James Proche,2020
6,202,ARI,Evan Weaver,2020
6,203,MIN,Blake Brandel,2020
6,204,NWE,Cassh Maluia,2020
6,205,MIN,Josh Metellus,2020
6,206,JAX,Tyler Davis,2020
6,207,BUF,Isaiah Hodgins,2020
6,208,GNB,Jake Hanson,2020
6,209,GNB,Simon Stepaniak,2020
6,210,PHI,Prince Tega Wanogho,2020
6,211,IND,Isaiah Rodgers,2020
6,212,IND,Dezmon Patmon,2020
6,213,IND,Jordan Glasgow,2020
6,214,SEA,Freddie Swain,2020
Rnd,Pick,Tm,Player,2020
7,215,CIN,Markus Bailey,2020
7,216,WAS,Kamren Curl,2020
7,217,SFO,Jauan Jennings,2020
7,218,NYG,Carter Coughlin,2020
7,219,BAL,Geno Stone,2020
7,220,LAC,K.J. Hill,2020
7,221,CAR,Stantley Thomas-Oliver,2020
7,222,ARI,Eno Benjamin,2020
7,223,JAX,Chris Claybrooks,2020
7,224,TEN,Cole McDonald,2020
7,225,MIN,Kenny Willekes,2020
7,226,CHI,Arlington Hambright,2020
7,227,CHI,Lachavious Simmons,2020
7,228,ATL,Sterling Hofrichter,2020
7,229,WAS,James Smith-Williams,2020
7,230,NWE,Dustin Woodard,2020
7,231,DAL,Ben DiNucci,2020
7,232,PIT,Carlos Davis,2020
7,233,PHI,Casey Toohill,2020
7,234,LAR,Clay Johnston,2020
7,235,DET,Jashon Cornell,2020
7,236,GNB,Vernon Scott,2020
7,237,KAN,Thakarius Keyes,2020
7,238,NYG,T.J. Brunson,2020
7,239,BUF,Dane Jackson,2020
7,240,NOR,Tommy Stevens,2020
7,241,TAM,Chapelle Russell,2020
7,242,GNB,Jonathan Garvin,2020
7,243,TEN,Chris Jackson,2020
7,244,MIN,Nate Stanley,2020
7,245,TAM,Raymond Calais,2020
7,246,MIA,Malcolm Perry,2020
7,247,NYG,Chris Williamson,2020
7,248,LAR,Sam Sloman,2020
7,249,MIN,Brian Cole II,2020
7,250,LAR,Tremayne Anchrum,2020
7,251,SEA,Stephen Sullivan,2020
7,252,DEN,Tyrie Cleveland,2020
7,253,MIN,Kyle Hinton,2020
7,254,DEN,Derrek Tuszka,2020
7,255,NYG,Tae Crowder,2020
1,1,JAX,Trevor Lawrence,2021
1,2,NYJ,Zach Wilson,2021
1,3,SFO,Trey Lance,2021
1,4,ATL,Kyle Pitts,2021
1,5,CIN,Ja'Marr Chase,2021
1,6,MIA,Jaylen Waddle,2021
1,7,DET,Penei Sewell,2021
1,8,CAR,Jaycee Horn,2021
1,9,DEN,Patrick Surtain II,2021
1,10,PHI,DeVonta Smith,2021
1,11,CHI,Justin Fields,2021
1,12,DAL,Micah Parsons,2021
1,13,LAC,Rashawn Slater,2021
1,14,NYJ,Alijah Vera-Tucker,2021
1,15,NWE,Mac Jones,2021
1,16,ARI,Zaven Collins,2021
1,17,LVR,Alex Leatherwood,2021
1,18,MIA,Jaelan Phillips,2021
1,19,WAS,Jamin Davis,2021
1,20,NYG,Kadarius Toney,2021
1,21,IND,Kwity Paye,2021
1,22,TEN,Caleb Farley,2021
1,23,MIN,Christian Darrisaw,2021
1,24,PIT,Najee Harris,2021
1,25,JAX,Travis Etienne,2021
1,26,CLE,Greg Newsome II,2021
1,27,BAL,Rashod Bateman,2021
1,28,NOR,Payton Turner,2021
1,29,GNB,Eric Stokes,2021
1,30,BUF,Gregory Rousseau,2021
1,31,BAL,Odafe Oweh,2021
1,32,TAM,Joe Tryon-Shoyinka,2021
Rnd,Pick,Tm,Player,2021
2,33,JAX,Tyson Campbell,2021
2,34,NYJ,Elijah Moore,2021
2,35,DEN,Javonte Williams,2021
2,36,MIA,Jevon Holland,2021
2,37,PHI,Landon Dickerson,2021
2,38,NWE,Christian Barmore,2021
2,39,CHI,Teven Jenkins,2021
2,40,ATL,Richie Grant,2021
2,41,DET,Levi Onwuzurike,2021
2,42,MIA,Liam Eichenberg,2021
2,43,LVR,Tre'von Moehrig,2021
2,44,DAL,Kelvin Joseph,2021
2,45,JAX,Walker Little,2021
2,46,CIN,Jackson Carman,2021
2,47,LAC,Asante Samuel Jr.,2021
2,48,SFO,Aaron Banks,2021
2,49,ARI,Rondale Moore,2021
2,50,NYG,Azeez Ojulari,2021
2,51,WAS,Samuel Cosmi,2021
2,52,CLE,Jeremiah Owusu-Koramoah,2021
2,53,TEN,Dillon Radunz,2021
2,54,IND,Dayo Odeyingbo,2021
2,55,PIT,Pat Freiermuth,2021
2,56,SEA,D'Wayne Eskridge,2021
2,57,LAR,Tutu Atwell,2021
2,58,KAN,Nick Bolton,2021
2,59,CAR,Terrace Marshall Jr.,2021
2,60,NOR,Pete Werner,2021
2,61,BUF,Boogie Basham,2021
2,62,GNB,Josh Myers,2021
2,63,KAN,Creed Humphrey,2021
2,64,TAM,Kyle Trask,2021
Rnd,Pick,Tm,Player,2021
3,65,JAX,Andre Cisco,2021
3,66,MIN,Kellen Mond,2021
3,67,HOU,Davis Mills,2021
3,68,ATL,Jalen Mayfield,2021
3,69,CIN,Joseph Ossai,2021
3,70,CAR,Brady Christensen,2021
3,71,NYG,Aaron Robinson,2021
3,72,DET,Alim McNeill,2021
3,73,PHI,Milton Williams,2021
3,74,WAS,Benjamin St-Juste,2021
3,75,DAL,Osa Odighizuwa,2021
3,76,NOR,Paulson Adebo,2021
3,77,LAC,Josh Palmer,2021
3,78,MIN,Chazz Surratt,2021
3,79,LVR,Malcolm Koonce,2021
3,80,LVR,Divine Deablo,2021
3,81,MIA,Hunter Long,2021
3,82,WAS,Dyami Brown,2021
3,83,CAR,Tommy Tremble,2021
3,84,DAL,Chauncey Golston,2021
3,85,GNB,Amari Rodgers,2021
3,86,MIN,Wyatt Davis,2021
3,87,PIT,Kendrick Green,2021
3,88,SFO,Trey Sermon,2021
3,89,HOU,Nico Collins,2021
3,90,MIN,Patrick Jones II,2021
3,91,CLE,Anthony Schwartz,2021
3,92,TEN,Monty Rice,2021
3,93,BUF,Spencer Brown,2021
3,94,BAL,Ben Cleveland,2021
3,95,TAM,Robert Hainsey,2021
3,96,NWE,Ronnie Perkins,2021
3,97,LAC,Tre' McKitty,2021
3,98,DEN,Quinn Meinerz,2021
3,99,DAL,Nahshon Wright,2021
3,100,TEN,Elijah Molden,2021
3,101,DET,Ifeatu Melifonwu,2021
3,102,SFO,Ambry Thomas,2021
3,103,LAR,Ernest Jones,2021
3,104,BAL,Brandon Stephens,2021
3,105,DEN,Baron Browning,2021
Rnd,Pick,Tm,Player,2021
4,106,JAX,Jay Tufele,2021
4,107,NYJ,Michael Carter,2021
4,108,ATL,Darren Hall,2021
4,109,TEN,Dez Fitzpatrick,2021
4,110,CLE,James Hudson,2021
4,111,CIN,Cameron Sample,2021
4,112,DET,Amon-Ra St. Brown,2021
4,113,DET,Derrick Barnes,2021
4,114,ATL,Drew Dalman,2021
4,115,DAL,Jabril Cox,2021
4,116,NYG,Elerson Smith,2021
4,117,LAR,Bobby Brown,2021
4,118,LAC,Chris Rumph,2021
4,119,MIN,Kene Nwangwu,2021
4,120,NWE,Rhamondre Stevenson,2021
4,121,JAX,Jordan Smith,2021
4,122,CIN,Tyler Shelvin,2021
4,123,PHI,Zech McPhearson,2021
4,124,WAS,John Bates,2021
4,125,MIN,Camryn Bynum,2021
4,126,CAR,Chuba Hubbard,2021
4,127,IND,Kylen Granson,2021
4,128,PIT,Dan Moore,2021
4,129,TAM,Jaelon Darden,2021
4,130,LAR,Robert Rochell,2021
4,131,BAL,Tylan Wallace,2021
4,132,CLE,Tommy Togiai,2021
4,133,NOR,Ian Book,2021
4,134,MIN,Janarius Robinson,2021
4,135,TEN,Rashad Weaver,2021
4,136,ARI,Marco Wilson,2021
4,137,SEA,Tre Brown,2021
4,138,DAL,Josh Ball,2021
4,139,CIN,D'Ante Smith,2021
4,140,PIT,Buddy Johnson,2021
4,141,LAR,Jacob Harris,2021
4,142,GNB,Royce Newman,2021
4,143,LVR,Tyree Gillespie,2021
4,144,KAN,Joshua Kaindoh,2021
Rnd,Pick,Tm,Player,2021
5,145,JAX,Luke Farrell,2021
5,146,NYJ,Jamien Sherwood,2021
5,147,HOU,Brevin Jordan,2021
5,148,ATL,Ta'Quon Graham,2021
5,149,CIN,Evan McPherson,2021
5,150,PHI,Kenneth Gainwell,2021
5,151,CHI,Larry Borom,2021
5,152,DEN,Caden Sterns,2021
5,153,CLE,Tony Fields,2021
5,154,NYJ,Michael Carter II,2021
5,155,SFO,Jaylon Moore,2021
5,156,PIT,Isaiahh Loudermilk,2021
5,157,MIN,Ihmir Smith-Marsette,2021
5,158,CAR,Daviyon Nixon,2021
5,159,LAC,Brenden Jaimes,2021
5,160,BAL,Shaun Wade,2021
5,161,BUF,Tommy Doyle,2021
5,162,KAN,Noah Gray,2021
5,163,WAS,Darrick Forrest,2021
5,164,DEN,Jamar Johnson,2021
5,165,IND,Shawn Davis,2021
5,166,CAR,Keith Taylor,2021
5,167,LVR,Nate Hobbs,2021
5,168,MIN,Zach Davidson,2021
5,169,CLE,Richard LeCounte,2021
5,170,HOU,Garret Wallow,2021
5,171,BAL,Daelin Hayes,2021
5,172,SFO,Deommodore Lenoir,2021
5,173,GNB,Tedarrell Slaton,2021
5,174,LAR,Earnest Brown IV,2021
5,175,NYJ,Jason Pinnock,2021
5,176,TAM,K.J. Britt,2021
5,177,NWE,Cameron McGrone,2021
5,178,GNB,Shemar Jean-Charles,2021
5,179,DAL,Simi Fehoko,2021
5,180,SFO,Talanoa Hufanga,2021
5,181,KAN,Cornell Powell,2021
5,182,ATL,Adetokunbo Ogundeji,2021
5,183,ATL,Avery Williams,2021
5,184,BAL,Ben Mason,2021
Rnd,Pick,Tm,Player,2021
6,185,LAC,Nick Niemann,2021
6,186,NYJ,Hamsah Nasirildeen,2021
6,187,ATL,Frank Darby,2021
6,188,NWE,Joshuah Bledsoe,2021
6,189,PHI,Marlon Tuipulotu,2021
6,190,CIN,Trey Hill,2021
6,191,PHI,Tarron Jackson,2021
6,192,DAL,Quinton Bohanna,2021
6,193,CAR,Deonte Brown,2021
6,194,SFO,Elijah Mitchell,2021
6,195,HOU,Roy Lopez,2021
6,196,NYG,Gary Brightwell,2021
6,197,NWE,William Sherman,2021
6,198,LAC,Larry Rountree,2021
6,199,MIN,Jaylen Twyman,2021
6,200,NYJ,Brandin Echols,2021
6,201,NYG,Rodarius Williams,2021
6,202,CIN,Chris Evans,2021
6,203,BUF,Marquez Stevenson,2021
6,204,CAR,Shi Smith,2021
6,205,TEN,Racey McMath,2021
6,206,NOR,Landon Young,2021
6,207,NYJ,Jonathan Marshall,2021
6,208,SEA,Stone Forsythe,2021
6,209,JAX,Jalen Camp,2021
6,210,ARI,Victor Dimukeje,2021
6,211,CLE,Demetric Felton,2021
6,212,BUF,Damar Hamlin,2021
6,213,BUF,Rachad Wildgoose,2021
6,214,GNB,Cole Van Lanen,2021
6,215,TEN,Brady Breeze,2021
6,216,PIT,Quincy Roche,2021
6,217,CHI,Khalil Herbert,2021
6,218,IND,Sam Ehlinger,2021
6,219,DEN,Seth Williams,2021
6,220,GNB,Isaiah McDuffie,2021
6,221,CHI,Dazz Newsome,2021
6,222,CAR,Thomas Fletcher,2021
6,223,ARI,Tay Gowan,2021
6,224,PHI,JaCoby Stevens,2021
6,225,WAS,Camaron Cheeseman,2021
6,226,KAN,Trey Smith,2021
6,227,DAL,Israel Mukuamu,2021
6,228,CHI,Thomas Graham,2021
Rnd,Pick,Tm,Player,2021
7,229,IND,Mike Strachan,2021
7,230,LVR,Jimmy Morrissey,2021
7,231,MIA,Larnel Coleman,2021
7,232,CAR,Phil Hoskins,2021
7,233,LAR,Jake Funk,2021
7,234,PHI,Patrick Johnson,2021
7,235,CIN,Wyatt Hubert,2021
7,236,BUF,Jack Anderson,2021
7,237,DEN,Kary Vincent Jr.,2021
7,238,DAL,Matt Farniok,2021
7,239,DEN,Jonathon Cooper,2021
7,240,WAS,William Bradley-King,2021
7,241,LAC,Mark Webb,2021
7,242,NWE,Tre Nixon,2021
7,243,ARI,James Wiggins,2021
7,244,MIA,Gerrid Doaks,2021
7,245,PIT,Tre Norwood,2021
7,246,WAS,Shaka Toney,2021
7,247,ARI,Michal Menet,2021
7,248,IND,Will Fries,2021
7,249,LAR,Ben Skowronek,2021
7,250,CHI,Khyiris Tonga,2021
7,251,TAM,Chris Wilcox,2021
7,252,LAR,Chris Garrett,2021
7,253,DEN,Marquiss Spencer,2021
7,254,PIT,Pressley Harvin III,2021
7,255,NOR,Kawaan Baker,2021
7,256,GNB,Kylin Hill,2021
7,257,DET,Jermar Jefferson,2021
7,258,WAS,Dax Milne,2021
7,259,TAM,Grant Stuard,2021
1,1,JAX,Travon Walker,2022
1,2,DET,Aidan Hutchinson,2022
1,3,HOU,Derek Stingley Jr.,2022
1,4,NYJ,Sauce Gardner,2022
1,5,NYG,Kayvon Thibodeaux,2022
1,6,CAR,Ikem Ekwonu,2022
1,7,NYG,Evan Neal,2022
1,8,ATL,Drake London,2022
1,9,SEA,Charles Cross,2022
1,10,NYJ,Garrett Wilson,2022
1,11,NOR,Chris Olave,2022
1,12,DET,Jameson Williams,2022
1,13,PHI,Jordan Davis,2022
1,14,BAL,Kyle Hamilton,2022
1,15,HOU,Kenyon Green,2022
1,16,WAS,Jahan Dotson,2022
1,17,LAC,Zion Johnson,2022
1,18,TEN,Treylon Burks,2022
1,19,NOR,Trevor Penning,2022
1,20,PIT,Kenny Pickett,2022
1,21,KAN,Trent McDuffie,2022
1,22,GNB,Quay Walker,2022
1,23,BUF,Kaiir Elam,2022
1,24,DAL,Tyler Smith,2022
1,25,BAL,Tyler Linderbaum,2022
1,26,NYJ,Jermaine Johnson II,2022
1,27,JAX,Devin Lloyd,2022
1,28,GNB,Devonte Wyatt,2022
1,29,NWE,Cole Strange,2022
1,30,KAN,George Karlaftis III,2022
1,31,CIN,Daxton Hill,2022
1,32,MIN,Lewis Cine,2022
Rnd,Pick,Tm,Player,2022
2,33,TAM,Logan Hall,2022
2,34,GNB,Christian Watson,2022
2,35,TEN,Roger McCreary,2022
2,36,NYJ,Breece Hall,2022
2,37,HOU,Jalen Pitre,2022
2,38,ATL,Arnold Ebiketie,2022
2,39,CHI,Kyler Gordon,2022
2,40,SEA,Boye Mafe,2022
2,41,SEA,Kenneth Walker III,2022
2,42,MIN,Andrew Booth,2022
2,43,NYG,Wan'Dale Robinson,2022
2,44,HOU,John Metchie,2022
2,45,BAL,David Ojabo,2022
2,46,DET,Josh Paschal,2022
2,47,WAS,Phidarian Mathis,2022
2,48,CHI,Jaquan Brisker,2022
2,49,NOR,Alontae Taylor,2022
2,50,NWE,Tyquan Thornton,2022
2,51,PHI,Cam Jurgens,2022
2,52,PIT,George Pickens,2022
2,53,IND,Alec Pierce,2022
2,54,KAN,Skyy Moore,2022
2,55,ARI,Trey McBride,2022
2,56,DAL,Sam Williams,2022
2,57,TAM,Luke Goedeke,2022
2,58,ATL,Troy Andersen,2022
2,59,MIN,Ed Ingram,2022
2,60,CIN,Cam Taylor-Britt,2022
2,61,SFO,Drake Jackson,2022
2,62,KAN,Bryan Cook,2022
2,63,BUF,James Cook,2022
2,64,DEN,Nik Bonitto,2022
Rnd,Pick,Tm,Player,2022
3,65,JAX,Luke Fortner,2022
3,66,MIN,Brian Asamoah,2022
3,67,NYG,Joshua Ezeudu,2022
3,68,CLE,Martin Emerson,2022
3,69,TEN,Nicholas Petit-Frere,2022
3,70,JAX,Chad Muma,2022
3,71,CHI,Velus Jones Jr.,2022
3,72,SEA,Abraham Lucas,2022
3,73,IND,Jelani Woods,2022
3,74,ATL,Desmond Ridder,2022
3,75,HOU,Christian Harris,2022
3,76,BAL,Travis Jones,2022
3,77,IND,Bernhard Raimann,2022
3,78,CLE,Alex Wright,2022
3,79,LAC,JT Woods,2022
3,80,DEN,Greg Dulcich,2022
3,81,NYG,Cordale Flott,2022
3,82,ATL,DeAngelo Malone,2022
3,83,PHI,Nakobe Dean,2022
3,84,PIT,DeMarvin Leal,2022
3,85,NWE,Marcus Jones,2022
3,86,TEN,Malik Willis,2022
3,87,ARI,Cameron Thomas,2022
3,88,DAL,Jalen Tolbert,2022
3,89,BUF,Terrel Bernard,2022
3,90,LVR,Dylan Parham,2022
3,91,TAM,Rachaad White,2022
3,92,GNB,Sean Rhyan,2022
3,93,SFO,Tyrion Davis-Price,2022
3,94,CAR,Matt Corral,2022
3,95,CIN,Zachary Carter,2022
3,96,IND,Nick Cross,2022
3,97,DET,Kerby Joseph,2022
3,98,WAS,Brian Robinson Jr.,2022
3,99,CLE,David Bell,2022
3,100,ARI,Myjai Sanders,2022
3,101,NYJ,Jeremy Ruckert,2022
3,102,MIA,Channing Tindall,2022
3,103,KAN,Leo Chenal,2022
3,104,LAR,Logan Bruss,2022
3,105,SFO,Danny Gray,2022
Rnd,Pick,Tm,Player,2022
4,106,TAM,Cade Otton,2022
4,107,HOU,Dameon Pierce,2022
4,108,CLE,Perrion Winfrey,2022
4,109,SEA,Coby Bryant,2022
4,110,BAL,Daniel Faalele,2022
4,111,NYJ,Max Mitchell,2022
4,112,NYG,Daniel Bellinger,2022
4,113,WAS,Percy Butler,2022
4,114,NYG,Dane Belton,2022
4,115,DEN,Damarri Mathis,2022
4,116,DEN,Eyioma Uwazurike,2022
4,117,NYJ,Micheal Clemons,2022
4,118,MIN,Akayleb Evans,2022
4,119,BAL,Jalyn Armour-Davis,2022
4,120,CAR,Brandon Smith,2022
4,121,NWE,Jack Jones,2022
4,122,LVR,Zamir White,2022
4,123,LAC,Isaiah Spiller,2022
4,124,CLE,Cade York,2022
4,125,MIA,Erik Ezukanma,2022
4,126,LVR,Neil Farrell,2022
4,127,NWE,Pierre Strong,2022
4,128,BAL,Charlie Kolar,2022
4,129,DAL,Jake Ferguson,2022
4,130,BAL,Jordan Stout,2022
4,131,TEN,Hassan Haskins,2022
4,132,GNB,Romeo Doubs,2022
4,133,TAM,Jake Camarda,2022
4,134,SFO,Spencer Burford,2022
4,135,KAN,Joshua Williams,2022
4,136,CIN,Cordell Volson,2022
4,137,NWE,Bailey Zappe,2022
4,138,PIT,Calvin Austin III,2022
4,139,BAL,Isaiah Likely,2022
4,140,GNB,Zach Tom,2022
4,141,BAL,Damarion Williams,2022
4,142,LAR,Cobie Durant,2022
4,143,TEN,Chigoziem Okonkwo,2022
Rnd,Pick,Tm,Player,2022
5,144,WAS,Sam Howell,2022
5,145,KAN,Darian Kinnard,2022
5,146,NYG,Micah McFadden,2022
5,147,NYG,D.J. Davidson,2022
5,148,BUF,Khalil Shakir,2022
5,149,WAS,Cole Turner,2022
5,150,HOU,Thomas Booker,2022
5,151,ATL,Tyler Allgeier,2022
5,152,DEN,Delarrin Turner-Yell,2022
5,153,SEA,Riq Woolen,2022
5,154,JAX,Snoop Conner,2022
5,155,DAL,Matt Waletzko,2022
5,156,CLE,Jerome Ford,2022
5,157,TAM,Zyon McCollum,2022
5,158,SEA,Tyreke Smith,2022
5,159,IND,Eric Johnson,2022
5,160,LAC,Otito Ogbonnia,2022
5,161,NOR,D'Marco Jackson,2022
5,162,DEN,Montrell Washington,2022
5,163,TEN,Kyle Philips,2022
5,164,LAR,Kyren Williams,2022
5,165,MIN,Esezi Otomewo,2022
5,166,CIN,Tycen Anderson,2022
5,167,DAL,DaRon Bland,2022
5,168,CHI,Braxton Jones,2022
5,169,MIN,Ty Chandler,2022
5,170,HOU,Teagan Quitoriano,2022
5,171,DEN,Luke Wattenberg,2022
5,172,SFO,Samuel Womack,2022
5,173,NYG,Marcus McKethan,2022
5,174,CHI,Dominique Robinson,2022
5,175,LVR,Matthew Butler,2022
5,176,DAL,Damone Clark,2022
5,177,DET,James Mitchell,2022
5,178,DAL,John Ridgeway,2022
5,179,GNB,Kingsley Enagbare,2022
Rnd,Pick,Tm,Player,2022
6,180,BUF,Matt Araiza,2022
6,181,PHI,Kyron Johnson,2022
6,182,NYG,Darrian Beavers,2022
6,183,NWE,Kevin Harris,2022
6,184,MIN,Vederian Lowe,2022
6,185,BUF,Christian Benford,2022
6,186,CHI,Zachary Thomas,2022
6,187,SFO,Nick Zakelj,2022
6,188,DET,Malcolm Rodriguez,2022
6,189,CAR,Amare Barno,2022
6,190,ATL,Justin Shaffer,2022
6,191,MIN,Jalen Nailor,2022
6,192,IND,Andrew Ogletree,2022
6,193,DAL,Devin Harper,2022
6,194,NOR,Jordan Jackson,2022
6,195,LAC,Jamaree Salyer,2022
6,196,BAL,Tyler Badie,2022
6,197,JAX,Gregory Junior,2022
6,198,PHI,Grant Calcaterra,2022
6,199,CAR,Cade Mays,2022
6,200,NWE,Sam Roberts,2022
6,201,ARI,Keaontay Ingram,2022
6,202,CLE,Michael Woods II,2022
6,203,CHI,Trestan Ebner,2022
6,204,TEN,Theo Jackson,2022
6,205,HOU,Austin Deculus,2022
6,206,DEN,Matt Henningsen,2022
6,207,CHI,Doug Kramer,2022
6,208,PIT,Connor Heyward,2022
6,209,BUF,Luke Tenuta,2022
6,210,NWE,Chasen Hines,2022
6,211,LAR,Quentin Lake,2022
6,212,LAR,Derion Kendrick,2022
6,213,ATL,John FitzPatrick,2022
6,214,LAC,Ja'Sir Taylor,2022
6,215,ARI,Lecitus Smith,2022
6,216,IND,Curtis Brooks,2022
6,217,DET,James Houston,2022
6,218,TAM,Ko Kieft,2022
6,219,TEN,Chance Campbell,2022
6,220,SFO,Kalia Davis,2022
6,221,SFO,Tariq Castro-Fields,2022
Rnd,Pick,Tm,Player,2022
7,222,JAX,Montaric Brown,2022
7,223,CLE,Isaiah Thomas,2022
7,224,MIA,Cameron Goode,2022
7,225,PIT,Mark Robinson,2022
7,226,CHI,Ja'Tyre Carter,2022
7,227,MIN,Nick Muse,2022
7,228,GNB,Tariq Carpenter,2022
7,229,SEA,Bo Melton,2022
7,230,WAS,Chris Paul,2022
7,231,BUF,Baylon Spector,2022
7,232,DEN,Faion Hicks,2022
7,233,SEA,Dareke Young,2022
7,234,GNB,Jonathan Ford,2022
7,235,LAR,Daniel Hardy,2022
7,236,LAC,Deane Leonard,2022
7,237,DET,Chase Lucas,2022
7,238,LVR,Thayer Munford,2022
7,239,IND,Rodney Thomas II,2022
7,240,WAS,Christian Holmes,2022
7,241,PIT,Chris Oladokun,2022
7,242,CAR,Kalon Barnes,2022
7,243,KAN,Jaylen Watson,2022
7,244,ARI,Christian Matthew,2022
7,245,NWE,Andrew Stueber,2022
7,246,CLE,Dawson Deaton,2022
7,247,MIA,Skylar Thompson,2022
7,248,TAM,Andre Anthony,2022
7,249,GNB,Rasheed Walker,2022
7,250,LVR,Brittain Brown,2022
7,251,KAN,Isiah Pacheco,2022
7,252,CIN,Jeff Gunter,2022
7,253,LAR,Russ Yeast,2022
7,254,CHI,Elijah Hicks,2022
7,255,CHI,Trenton Gill,2022
7,256,ARI,Jesse Luketa,2022
7,257,ARI,Marquis Hayes,2022
7,258,GNB,Samori Toure,2022
7,259,KAN,Nazeeh Johnson,2022
7,260,LAC,Zander Horvath,2022
7,261,LAR,AJ Arcuri,2022
7,262,SFO,Brock Purdy,2022
1,1,CAR,Bryce Young,2023
1,2,HOU,C.J. Stroud,2023
1,3,HOU,Will Anderson,2023
1,4,IND,Anthony Richardson,2023
1,5,SEA,Devon Witherspoon,2023
1,6,ARI,Paris Johnson,2023
1,7,LVR,Tyree Wilson,2023
1,8,ATL,Bijan Robinson,2023
1,9,PHI,Jalen Carter,2023
1,10,CHI,Darnell Wright,2023
1,11,TEN,Peter Skoronski,2023
1,12,DET,Jahmyr Gibbs,2023
1,13,GNB,Lukas Van Ness,2023
1,14,PIT,Broderick Jones,2023
1,15,NYJ,Will McDonald,2023
1,16,WAS,Emmanuel Forbes,2023
1,17,NWE,Christian Gonzalez,2023
1,18,DET,Jack Campbell,2023
1,19,TAM,Calijah Kancey,2023
1,20,SEA,Jaxon Smith-Njigba,2023
1,21,LAC,Quentin Johnston,2023
1,22,BAL,Zay Flowers,2023
1,23,MIN,Jordan Addison,2023
1,24,NYG,Deonte Banks,2023
1,25,BUF,Dalton Kincaid,2023
1,26,DAL,Mazi Smith,2023
1,27,JAX,Anton Harrison,2023
1,28,CIN,Myles Murphy,2023
1,29,NOR,Bryan Bresee,2023
1,30,PHI,Nolan Smith,2023
1,31,KAN,Felix Anudike-Uzomah,2023
Rnd,Pick,Tm,Player,2023
2,32,PIT,Joey Porter Jr.,2023
2,33,TEN,Will Levis,2023
2,34,DET,Sam LaPorta,2023
2,35,LVR,Michael Mayer,2023
2,36,LAR,Steve Avila,2023
2,37,SEA,Derick Hall,2023
2,38,ATL,Matthew Bergeron,2023
2,39,CAR,Jonathan Mingo,2023
2,40,NOR,Isaiah Foskey,2023
2,41,ARI,BJ Ojulari,2023
2,42,GNB,Luke Musgrave,2023
2,43,NYJ,Joe Tippmann,2023
2,44,IND,Julius Brents,2023
2,45,DET,Brian Branch,2023
2,46,NWE,Keion White,2023
2,47,WAS,Quan Martin,2023
2,48,TAM,Cody Mauch,2023
2,49,PIT,Keeanu Benton,2023
2,50,GNB,Jayden Reed,2023
2,51,MIA,Cam Smith,2023
2,52,SEA,Zach Charbonnet,2023
2,53,CHI,Gervon Dexter,2023
2,54,LAC,Tuli Tuipulotu,2023
2,55,KAN,Rashee Rice,2023
2,56,CHI,Tyrique Stevenson,2023
2,57,NYG,John Michael Schmitz,2023
2,58,DAL,Luke Schoonmaker,2023
2,59,BUF,O'Cyrus Torrence,2023
2,60,CIN,DJ Turner,2023
2,61,JAX,Brenton Strange,2023
2,62,HOU,Juice Scruggs,2023
2,63,DEN,Marvin Mims,2023
Rnd,Pick,Tm,Player,2023
3,64,CHI,Zacch Pickens,2023
3,65,PHI,Tyler Steen,2023
3,66,PHI,Sydney Brown,2023
3,67,DEN,Drew Sanders,2023
3,68,DET,Hendon Hooker,2023
3,69,HOU,Tank Dell,2023
3,70,LVR,Byron Young,2023
3,71,NOR,Kendre Miller,2023
3,72,ARI,Garrett Williams,2023
3,73,NYG,Jalin Hyatt,2023
3,74,CLE,Cedric Tillman,2023
3,75,ATL,Zach Harrison,2023
3,76,NWE,Marte Mapu,2023
3,77,LAR,Byron Young,2023
3,78,GNB,Tucker Kraft,2023
3,79,IND,Josh Downs,2023
3,80,CAR,DJ Johnson,2023
3,81,TEN,Tyjae Spears,2023
3,82,TAM,YaYa Diaby,2023
3,83,DEN,Riley Moss,2023
3,84,MIA,De'Von Achane,2023
3,85,LAC,Daiyan Henley,2023
3,86,BAL,Trenton Simpson,2023
3,87,SFO,Ji'Ayir Brown,2023
3,88,JAX,Tank Bigsby,2023
3,89,LAR,Kobie Turner,2023
3,90,DAL,DeMarvion Overshown,2023
3,91,BUF,Dorian Williams,2023
3,92,KAN,Wanya Morris,2023
3,93,PIT,Darnell Washington,2023
3,94,ARI,Michael Wilson,2023
3,95,CIN,Jordan Battle,2023
3,96,DET,Brodric Martin,2023
3,97,WAS,Ricky Stromberg,2023
3,98,CLE,Siaki Ika,2023
3,99,SFO,Jake Moody,2023
3,100,LVR,Tre Tucker,2023
3,101,SFO,Cameron Latu,2023
3,102,MIN,Mekhi Blackmon,2023
Rnd,Pick,Tm,Player,2023
4,103,NOR,Nick Saldiveri,2023
4,104,LVR,Jakorian Bennett,2023
4,105,PHI,Kelee Ringo,2023
4,106,IND,Blake Freeland,2023
4,107,NWE,Jake Andrews,2023
4,108,SEA,Anthony Bradford,2023
4,109,HOU,Dylan Horton,2023
4,110,IND,Adetomiwa Adebawore,2023
4,111,CLE,Dawand Jones,2023
4,112,NWE,Chad Ryland,2023
4,113,ATL,Clark Phillips,2023
4,114,CAR,Chandler Zavala,2023
4,115,CHI,Roschon Johnson,2023
4,116,GNB,Colby Wooden,2023
4,117,NWE,Sidy Sow,2023
4,118,WAS,Braeden Daniels,2023
4,119,KAN,Chamarri Conner,2023
4,120,NYJ,Carter Warren,2023
4,121,JAX,Ventrell Miller,2023
4,122,ARI,Jon Gaines,2023
4,123,SEA,Cameron Young,2023
4,124,BAL,Tavius Robinson,2023
4,125,LAC,Derius Davis,2023
4,126,CLE,Isaiah McGuire,2023
4,127,NOR,Jake Haener,2023
4,128,LAR,Stetson Bennett,2023
4,129,DAL,Viliami Fehoko,2023
4,130,JAX,Tyler Lacy,2023
4,131,CIN,Charlie Jones,2023
4,132,PIT,Nick Herbig,2023
4,133,CHI,Tyler Scott,2023
4,134,MIN,Jay Ward,2023
4,135,LVR,Aidan O'Connell,2023
Rnd,Pick,Tm,Player,2023
5,136,JAX,Yasir Abdullah,2023
5,137,WAS,K.J. Henry,2023
5,138,IND,Darius Rush,2023
5,139,ARI,Clayton Tune,2023
5,140,CLE,Dorian Thompson-Robinson,2023
5,141,MIN,Jaquelin Roy,2023
5,142,CLE,Cameron Mitchell,2023
5,143,NYJ,Israel Abanikanda,2023
5,144,NWE,Atonio Mafi,2023
5,145,CAR,Jammie Robinson,2023
5,146,NOR,Jordan Howden,2023
5,147,TEN,Josh Whyle,2023
5,148,CHI,Noah Sewell,2023
5,149,GNB,Sean Clifford,2023
5,150,BUF,Justin Shorter,2023
5,151,SEA,Mike Morris,2023
5,152,DET,Colby Sorsdal,2023
5,153,TAM,SirVocea Dennis,2023
5,154,SEA,Olusegun Oluwatimi,2023
5,155,SFO,Darrell Luter,2023
5,156,LAC,Jordan McFadden,2023
5,157,BAL,Kyu Blu Kelly,2023
5,158,IND,Daniel Scott,2023
5,159,GNB,Dontayvion Wicks,2023
5,160,JAX,Antonio Johnson,2023
5,161,LAR,Nick Hampton,2023
5,162,IND,Will Mallory,2023
5,163,CIN,Chase Brown,2023
5,164,MIN,Jaren Hall,2023
5,165,CHI,Terell Smith,2023
5,166,KAN,BJ Thompson,2023
5,167,HOU,Henry To'oTo'o,2023
5,168,ARI,Owen Pappoe,2023
5,169,DAL,Asim Richards,2023
5,170,LVR,Christopher Smith,2023
5,171,TAM,Payne Durham,2023
5,172,NYG,Eric Gray,2023
5,173,SFO,Robert Beal,2023
5,174,LAR,Warren McClendon,2023
5,175,LAR,Davis Allen,2023
5,176,IND,Evan Hull,2023
5,177,LAR,Puka Nacua,2023
Rnd,Pick,Tm,Player,2023
6,178,DAL,Eric Scott,2023
6,179,GNB,Karl Brooks,2023
6,180,ARI,Kei'Trel Clark,2023
6,181,TAM,Josh Hayes,2023
6,182,LAR,Tre'Vius Tomlinson,2023
6,183,DEN,JL Skinner,2023
6,184,NYJ,Zaire Barnes,2023
6,185,JAX,Parker Washington,2023
6,186,TEN,Jaelyn Duncan,2023
6,187,NWE,Kayshon Boutte,2023
6,188,PHI,Tanner McKee,2023
6,189,LAR,Ochaun Mathis,2023
6,190,CLE,Luke Wypler,2023
6,191,TAM,Trey Palmer,2023
6,192,NWE,Bryce Baringer,2023
6,193,WAS,Chris Rodriguez,2023
6,194,KAN,Keondre Coburn,2023
6,195,NOR,A.T. Perry,2023
6,196,TAM,Jose Ramirez,2023
6,197,MIA,Elijah Higgins,2023
6,198,SEA,Jerrick Reed,2023
6,199,BAL,Malaesala Aumavae-Laulu,2023
6,200,LAC,Scott Matlock,2023
6,201,HOU,Jarrett Patterson,2023
6,202,JAX,Christian Braswell,2023
6,203,LVR,Amari Burney,2023
6,204,NYJ,Jarrick Bernard-Converse,2023
6,205,HOU,Xavier Hutchinson,2023
6,206,CIN,Andrei Iosivas,2023
6,207,GNB,Anders Carlson,2023
6,208,JAX,Erick Hallett,2023
6,209,NYG,Tre Hawkins,2023
6,210,NWE,Demario Douglas,2023
6,211,IND,Titus Leo,2023
6,212,DAL,Deuce Vaughn,2023
6,213,ARI,Dante Stills,2023
6,214,NWE,Ameer Speed,2023
6,215,LAR,Zach Evans,2023
6,216,SFO,Dee Winters,2023
6,217,CIN,Brad Robbins,2023
Rnd,Pick,Tm,Player,2023
7,218,CHI,Travis Bell,2023
7,219,DET,Antoine Green,2023
7,220,NYJ,Zack Kuntz,2023
7,221,IND,Jaylon Jones,2023
7,222,MIN,DeWayne McBride,2023
7,223,LAR,Ethan Evans,2023
7,224,ATL,DeMarcco Hellams,2023
7,225,ATL,Jovaughn Gwyn,2023
7,226,JAX,Cooper Hodges,2023
7,227,JAX,Raymond Vohasek,2023
7,228,TEN,Colton Dowell,2023
7,229,BAL,Andrew Vorhees,2023
7,230,BUF,Nick Broeker,2023
7,231,LVR,Nesta Jade Silvera,2023
7,232,GNB,Carrington Valentine,2023
7,233,WAS,Andre Jones,2023
7,234,LAR,Jason Taylor,2023
7,235,GNB,Lew Nichols,2023
7,236,IND,Jake Witt,2023
7,237,SEA,Kenny McIntosh,2023
7,238,MIA,Ryan Hayes,2023
7,239,LAC,Max Duggan,2023
7,240,JAX,Derek Parish,2023
7,241,PIT,Cory Trice,2023
7,242,GNB,Anthony Johnson,2023
7,243,NYG,Jordon Riley,2023
7,244,DAL,Jalen Brooks,2023
7,245,NWE,Isaiah Bolden,2023
7,246,CIN,DJ Ivey,2023
7,247,SFO,Brayden Willis,2023
7,248,HOU,Brandon Hill,2023
7,249,PHI,Moro Ojomo,2023
7,250,KAN,Nic Jones,2023
7,251,PIT,Spencer Anderson,2023
7,252,BUF,Alex Austin,2023
7,253,SFO,Ronnie Bell,2023
7,254,NYG,Gervarrius Owens,2023
7,255,SFO,Jalen Graham,2023
7,256,GNB,Grant Dubose,2023
7,257,DEN,Alex Forsyth,2023
7,258,CHI,Kendall Williamson,2023
7,259,LAR,Desjuan Johnson,2023
1,1,CHI,Caleb Williams,2024
1,2,WAS,Jayden Daniels,2024
1,3,NWE,Drake Maye,2024
1,4,ARI,Marvin Harrison Jr.,2024
1,5,LAC,Joe Alt,2024
1,6,NYG,Malik Nabers,2024
1,7,TEN,JC Latham,2024
1,8,ATL,Michael Penix,2024
1,9,CHI,Rome Odunze,2024
1,10,MIN,J.J. McCarthy,2024
1,11,NYJ,Olumuyiwa Fashanu,2024
1,12,DEN,Bo Nix,2024
1,13,LVR,Brock Bowers,2024
1,14,NOR,Taliese Fuaga,2024
1,15,IND,Laiatu Latu,2024
1,16,SEA,Byron Murphy,2024
1,17,MIN,Dallas Turner,2024
1,18,CIN,Amarius Mims,2024
1,19,LAR,Jared Verse,2024
1,20,PIT,Troy Fautanu,2024
1,21,MIA,Chop Robinson,2024
1,22,PHI,Quinyon Mitchell,2024
1,23,JAX,Brian Thomas,2024
1,24,DET,Terrion Arnold,2024
1,25,GNB,Jordan Morgan,2024
1,26,TAM,Graham Barton,2024
1,27,ARI,Darius Robinson,2024
1,28,KAN,Xavier Worthy,2024
1,29,DAL,Tyler Guyton,2024
1,30,BAL,Nate Wiggins,2024
1,31,SFO,Ricky Pearsall,2024
1,32,CAR,Xavier Legette,2024
Rnd,Pick,Tm,Player,2024
2,33,BUF,Keon Coleman,2024
2,34,LAC,Ladd McConkey,2024
2,35,ATL,Ruke Orhorhoro,2024
2,36,WAS,Jer'Zhan Newton,2024
2,37,NWE,Ja'Lynn Polk,2024
2,38,TEN,T'Vondre Sweat,2024
2,39,LAR,Braden Fiske,2024
2,40,PHI,Cooper DeJean,2024
2,41,NOR,Kool-Aid McKinstry,2024
2,42,HOU,Kamari Lassiter,2024
2,43,ARI,Max Melton,2024
2,44,LVR,Jackson Powers-Johnson,2024
2,45,GNB,Edgerrin Cooper,2024
2,46,CAR,Jonathon Brooks,2024
2,47,NYG,Tyler Nubin,2024
2,48,JAX,Maason Smith,2024
2,49,CIN,Kris Jenkins,2024
2,50,WAS,Mike Sainristil,2024
2,51,PIT,Zach Frazier,2024
2,52,IND,Adonai Mitchell,2024
2,53,WAS,Ben Sinnott,2024
2,54,CLE,Michael Hall,2024
2,55,MIA,Patrick Paul,2024
2,56,DAL,Marshawn Kneeland,2024
2,57,TAM,Chris Braswell,2024
2,58,GNB,Javon Bullard,2024
2,59,HOU,Blake Fisher,2024
2,60,BUF,Cole Bishop,2024
2,61,DET,Ennis Rakestraw,2024
2,62,BAL,Roger Rosengarten,2024
2,63,KAN,Kingsley Suamataia,2024
2,64,SFO,Renardo Green,2024
Rnd,Pick,Tm,Player,2024
3,65,NYJ,Malachi Corley,2024
3,66,ARI,Trey Benson,2024
3,67,WAS,Brandon Coleman,2024
3,68,NWE,Caedan Wallace,2024
3,69,LAC,Junior Colson,2024
3,70,NYG,Andru Phillips,2024
3,71,ARI,Isaiah Adams,2024
3,72,CAR,Trevin Wallace,2024
3,73,DAL,Cooper Beebe,2024
3,74,ATL,Bralen Trice,2024
3,75,CHI,Kiran Amegadjie,2024
3,76,DEN,Jonah Elliss,2024
3,77,LVR,Delmar Glaze,2024
3,78,HOU,Calen Bullock,2024
3,79,IND,Matt Goncalves,2024
3,80,CIN,Jermaine Burton,2024
3,81,SEA,Christian Haynes,2024
3,82,ARI,Tip Reiman,2024
3,83,LAR,Blake Corum,2024
3,84,PIT,Roman Wilson,2024
3,85,CLE,Zak Zinter,2024
3,86,SFO,Dominick Puni,2024
3,87,DAL,Marist Liufau,2024
3,88,GNB,MarShawn Lloyd,2024
3,89,TAM,Tykee Smith,2024
3,90,ARI,Elijah Jones,2024
3,91,GNB,Ty'Ron Hopper,2024
3,92,TAM,Jalen McMillan,2024
3,93,BAL,Adisa Isaac,2024
3,94,PHI,Jalyx Hunt,2024
3,95,BUF,DeWayne Carter,2024
3,96,JAX,Jarrian Jones,2024
3,97,CIN,McKinnley Jackson,2024
3,98,PIT,Payton Wilson,2024
3,99,LAR,Kamren Kinchens,2024
3,100,WAS,Luke McCaffrey,2024
Rnd,Pick,Tm,Player,2024
4,101,CAR,Ja'Tavion Sanders,2024
4,102,DEN,Troy Franklin,2024
4,103,NWE,Layden Robinson,2024
4,104,ARI,Dadrion Taylor-Demerson,2024
4,105,LAC,Justin Eboigbe,2024
4,106,TEN,Cedric Gray,2024
4,107,NYG,Theo Johnson,2024
4,108,MIN,Khyree Jackson,2024
4,109,ATL,Brandon Dorlus,2024
4,110,NWE,Javon Baker,2024
4,111,GNB,Evan Williams,2024
4,112,LVR,Decamerion Richardson,2024
4,113,BAL,Devontez Walker,2024
4,114,JAX,Javon Foster,2024
4,115,CIN,Erick All,2024
4,116,JAX,Jordan Jefferson,2024
4,117,IND,Tanor Bortolini,2024
4,118,SEA,Tyrice Knight,2024
4,119,PIT,Mason McCormick,2024
4,120,MIA,Jaylen Wright,2024
4,121,SEA,AJ Barner,2024
4,122,CHI,Tory Taylor,2024
4,123,HOU,Cade Stover,2024
4,124,SFO,Malik Mustapha,2024
4,125,TAM,Bucky Irving,2024
4,126,DET,Giovanni Manu,2024
4,127,PHI,Will Shipley,2024
4,128,BUF,Ray Davis,2024
4,129,SFO,Isaac Guerendo,2024
4,130,BAL,T.J. Tampa,2024
4,131,KAN,Jared Wiley,2024
4,132,DET,Sione Vaki,2024
4,133,KAN,Jaden Hicks,2024
4,134,NYJ,Braelon Allen,2024
4,135,SFO,Jacob Cowing,2024
Rnd,Pick,Tm,Player,2024
5,136,SEA,Nehemiah Pritchett,2024
5,137,LAC,Tarheeb Still,2024
5,138,ARI,Xavier Thomas,2024
5,139,WAS,Jordan Magee,2024
5,140,LAC,Cam Hart,2024
5,141,BUF,Sedrick Van Pran-Granger,2024
5,142,IND,Anthony Gould,2024
5,143,ATL,JD Bertrand,2024
5,144,CHI,Austin Booker,2024
5,145,DEN,Kris Abrams-Draine,2024
5,146,TEN,Jarvis Brownlee,2024
5,147,DEN,Audric Estime,2024
5,148,LVR,Tommy Eichenberg,2024
5,149,CIN,Josh Newton,2024
5,150,NOR,Spencer Rattler,2024
5,151,IND,Jaylon Carlies,2024
5,152,PHI,Ainias Smith,2024
5,153,JAX,Deantre Prince,2024
5,154,LAR,Brennan Jackson,2024
5,155,PHI,Jeremiah Trotter Jr.,2024
5,156,CLE,Jamari Thrash,2024
5,157,CAR,Chau Smith-Wade,2024
5,158,MIA,Mohamed Kamara,2024
5,159,KAN,Hunter Nourzad,2024
5,160,BUF,Edefuan Ulofoshio,2024
5,161,WAS,Dominique Hampton,2024
5,162,ARI,Christian Jones,2024
5,163,GNB,Jacob Monk,2024
5,164,IND,Jaylin Simpson,2024
5,165,BAL,Rasheen Ali,2024
5,166,NYG,Tyrone Tracy Jr.,2024
5,167,JAX,Keilan Robinson,2024
5,168,BUF,Javon Solomon,2024
5,169,GNB,Kitan Oladapo,2024
5,170,NOR,Bub Means,2024
5,171,NYJ,Jordan Travis,2024
5,172,PHI,Trevor Keegan,2024
5,173,NYJ,Isaiah Davis,2024
5,174,DAL,Caelen Carson,2024
5,175,NOR,Jaylan Ford,2024
5,176,NYJ,Qwan'tez Stiggers,2024
Rnd,Pick,Tm,Player,2024
6,177,MIN,Walter Rouse,2024
6,178,PIT,Logan Lee,2024
6,179,SEA,Sataoa Laumea,2024
6,180,NWE,Marcellas Dial,2024
6,181,LAC,Kimani Vidal,2024
6,182,TEN,Jha'Quan Jackson,2024
6,183,NYG,Darius Muasau,2024
6,184,MIA,Malik Washington,2024
6,185,PHI,Johnny Wilson,2024
6,186,ATL,Jase McClellan,2024
6,187,ATL,Casey Washington,2024
6,188,HOU,Jamal Hill,2024
6,189,DET,Mekhi Wingo,2024
6,190,PHI,Dylan McMahon,2024
6,191,ARI,Tejhaun Palmer,2024
6,192,SEA,D.J. James,2024
6,193,NWE,Joe Milton,2024
6,194,CIN,Tanner McLachlan,2024
6,195,PIT,Ryan Watts,2024
6,196,LAR,Tyler Davis,2024
6,197,ATL,Zion Logue,2024
6,198,MIA,Patrick McMorris,2024
6,199,NOR,Khristian Boyd,2024
6,200,CAR,Jaden Crumedy,2024
6,201,IND,Micah Abraham,2024
6,202,GNB,Travis Glover,2024
6,203,MIN,Will Reichard,2024
6,204,BUF,Tylan Grable,2024
6,205,HOU,Jawhar Jordan,2024
6,206,CLE,Nathaniel Watson,2024
6,207,SEA,Michael Jerrell,2024
6,208,LVR,Dylan Laube,2024
6,209,LAR,Joshua Karty,2024
6,210,DET,Christian Mahogany,2024
6,211,KAN,Kamal Hadden,2024
6,212,JAX,Cam Little,2024
6,213,LAR,Jordan Whittington,2024
6,214,CIN,Cedric Johnson,2024
6,215,SFO,Jarrett Kingston,2024
6,216,DAL,Ryan Flournoy,2024
6,217,LAR,Beaux Limmer,2024
6,218,BAL,Devin Leary,2024
6,219,BUF,Daequan Hardy,2024
6,220,TAM,Elijah Klein,2024
Rnd,Pick,Tm,Player,2024
7,221,BUF,Travis Clayton,2024
7,222,WAS,Javontae Jean-Baptiste,2024
7,223,LVR,Trey Taylor,2024
7,224,CIN,Daijahn Anthony,2024
7,225,LAC,Brenden Rice,2024
7,226,ARI,Jaden Davis,2024
7,227,CLE,Myles Harden,2024
7,228,BAL,Nick Samac,2024
7,229,LVR,M.J. Devonshire,2024
7,230,MIN,Michael Jurgens,2024
7,231,NWE,Jaheim Bell,2024
7,232,MIN,Levi Drake Rodriguez,2024
7,233,DAL,Nathan Thomas,2024
7,234,IND,Jonah Laulu,2024
7,235,DEN,Devaughn Vele,2024
7,236,JAX,Myles Cole,2024
7,237,CIN,Matt Lee,2024
7,238,HOU,Solomon Byrd,2024
7,239,NOR,Josiah Ezirim,2024
7,240,CAR,Michael Barrett,2024
7,241,MIA,Tahj Washington,2024
7,242,TEN,James Williams,2024
7,243,CLE,Jowon Briggs,2024
7,244,DAL,Justin Rogers,2024
7,245,GNB,Michael Pratt,2024
7,246,TAM,Devin Culp,2024
7,247,HOU,Marcus Harris,2024
7,248,KAN,C.J. Hanson,2024
7,249,HOU,LaDarius Henderson,2024
7,250,BAL,Sanoussi Kane,2024
7,251,SFO,Tatum Bethune,2024
7,252,TEN,Jaylen Harrell,2024
7,253,LAC,Cornelius Johnson,2024
7,254,LAR,KT Leveston,2024
7,255,GNB,Kalen King,2024
7,256,DEN,Nick Gargiulo,2024
7,257,NYJ,Jaylen Key,2024
1,1,TEN,Cam Ward,2025
1,2,JAX,Travis Hunter,2025
1,3,NYG,Abdul Carter,2025
1,4,NWE,Will Campbell,2025
1,5,CLE,Mason Graham,2025
1,6,LVR,Ashton Jeanty,2025
1,7,NYJ,Armand Membou,2025
1,8,CAR,Tetairoa McMillan,2025
1,9,NOR,Kelvin Banks,2025
1,10,CHI,Colston Loveland,2025
1,11,SFO,Mykel Williams,2025
1,12,DAL,Tyler Booker,2025
1,13,MIA,Kenneth Grant,2025
1,14,IND,Tyler Warren,2025
1,15,ATL,Jalon Walker,2025
1,16,ARI,Walter Nolen,2025
1,17,CIN,Shemar Stewart,2025
1,18,SEA,Grey Zabel,2025
1,19,TAM,Emeka Egbuka,2025
1,20,DEN,Jahdae Barron,2025
1,21,PIT,Derrick Harmon,2025
1,22,LAC,Omarion Hampton,2025
1,23,GNB,Matthew Golden,2025
1,24,MIN,Donovan Jackson,2025
1,25,NYG,Jaxson Dart,2025
1,26,ATL,James Pearce,2025
1,27,BAL,Malaki Starks,2025
1,28,DET,Tyleik Williams,2025
1,29,WAS,Josh Conerly,2025
1,30,BUF,Maxwell Hairston,2025
1,31,PHI,Jihaad Campbell,2025
1,32,KAN,Josh Simmons,2025
Rnd,Pick,Tm,Player,2025
2,33,CLE,Carson Schwesinger,2025
2,34,HOU,Jayden Higgins,2025
2,35,SEA,Nick Emmanwori,2025
2,36,CLE,Quinshon Judkins,2025
2,37,MIA,Jonah Savaiinaea,2025
2,38,NWE,TreVeyon Henderson,2025
2,39,CHI,Luther Burden,2025
2,40,NOR,Tyler Shough,2025
2,41,BUF,T.J. Sanders,2025
2,42,NYJ,Mason Taylor,2025
2,43,SFO,Alfred Collins,2025
2,44,DAL,Donovan Ezeiruaku,2025
2,45,IND,JT Tuimoloau,2025
2,46,LAR,Terrance Ferguson,2025
2,47,ARI,Will Johnson,2025
2,48,HOU,Aireontae Ersery,2025
2,49,CIN,Demetrius Knight,2025
2,50,SEA,Elijah Arroyo,2025
2,51,CAR,Nic Scourton,2025
2,52,TEN,Oluwafemi Oladejo,2025
2,53,TAM,Benjamin Morrison,2025
2,54,GNB,Anthony Belton,2025
2,55,LAC,Tre Harris,2025
2,56,CHI,Ozzy Trapilo,2025
2,57,DET,Tate Ratledge,2025
2,58,LVR,Jack Bech,2025
2,59,BAL,Mike Green,2025
2,60,DEN,RJ Harvey,2025
2,61,WAS,Trey Amos,2025
2,62,CHI,Shemar Turner,2025
2,63,KAN,Omarr Norman-Lott,2025
2,64,PHI,Andrew Mukuba,2025
Rnd,Pick,Tm,Player,2025
3,65,NYG,Darius Alexander,2025
3,66,KAN,Ashton Gillotte,2025
3,67,CLE,Harold Fannin,2025
3,68,LVR,Darien Porter,2025
3,69,NWE,Kyle Williams,2025
3,70,DET,Isaac TeSlaa,2025
3,71,NOR,Vernon Broughton,2025
3,72,BUF,Landon Jackson,2025
3,73,NYJ,Azareye'h Thomas,2025
3,74,DEN,Pat Bryant,2025
3,75,SFO,Nick Martin,2025
3,76,DAL,Shavon Revel,2025
3,77,CAR,Princely Umanmielen,2025
3,78,ARI,Jordan Burch,2025
3,79,HOU,Jaylin Noel,2025
3,80,IND,Justin Walley,2025
3,81,CIN,Dylan Fairchild,2025
3,82,TEN,Kevin Winston,2025
3,83,PIT,Kaleb Johnson,2025
3,84,TAM,Jacob Parrish,2025
3,85,KAN,Nohl Williams,2025
3,86,LAC,Jamaree Caldwell,2025
3,87,GNB,Savion Williams,2025
3,88,JAX,Caleb Ransaw,2025
3,89,JAX,Wyatt Milum,2025
3,90,LAR,Josaiah Stewart,2025
3,91,BAL,Emery Jones,2025
3,92,SEA,Jalen Milroe,2025
3,93,NOR,Jonas Sanker,2025
3,94,CLE,Dillon Gabriel,2025
3,95,NWE,Jared Wilson,2025
3,96,ATL,Xavier Watts,2025
3,97,HOU,Jaylin Smith,2025
3,98,LVR,Caleb Rogers,2025
3,99,LVR,Charles Grant,2025
3,100,SFO,Upton Stout,2025
3,101,DEN,Sai'vion Jones,2025
3,102,MIN,Tai Felton,2025
Rnd,Pick,Tm,Player,2025
4,103,TEN,Chimere Dike,2025
4,104,JAX,Bhayshul Tuten,2025
4,105,NYG,Cam Skattebo,2025
4,106,NWE,Craig Woodson,2025
4,107,JAX,Jack Kiser,2025
4,108,LVR,Dont'e Thornton,2025
4,109,BUF,Deone Walker,2025
4,110,NYJ,Arian Smith,2025
4,111,PHI,Ty Robinson,2025
4,112,NOR,Danny Stutsman,2025
4,113,SFO,CJ West,2025
4,114,CAR,Trevor Etienne,2025
4,115,ARI,Cody Simon,2025
4,116,HOU,Jo'quavioius Marks,2025
4,117,LAR,Jarquez Hunter,2025
4,118,ATL,Billy Bowman,2025
4,119,CIN,Barrett Carter,2025
4,120,TEN,Gunnar Helm,2025
4,121,TAM,David Walker,2025
4,122,CAR,Lathan Ransom,2025
4,123,PIT,Jack Sawyer,2025
4,124,GNB,Barryn Sorrell,2025
4,125,LAC,Kyle Kennard,2025
4,126,CLE,Dylan Sampson,2025
4,127,IND,Jalen Travis,2025
4,128,WAS,Jaylin Lane,2025
4,129,BAL,Teddye Buchanan,2025
4,130,NYJ,Malachi Moore,2025
4,131,NOR,Quincy Riley,2025
4,132,CHI,Ruben Hyppolite,2025
4,133,KAN,Jalen Royals,2025
4,134,DEN,Quandarrius Robinson,2025
4,135,LVR,Tonka Hemingway,2025
4,136,TEN,Elic Ayomanor,2025
4,137,NWE,Joshua Farmer,2025
4,138,SFO,Jordan Watkins,2025
Rnd,Pick,Tm,Player,2025
5,139,MIN,Tyrion Ingram-Dawkins,2025
5,140,CAR,Cam Jackson,2025
5,141,BAL,Carson Vinson,2025
5,142,SEA,Rylie Mills,2025
5,143,MIA,Jordan Phillips,2025
5,144,CLE,Shedeur Sanders,2025
5,145,PHI,Mac McWilliams,2025
5,146,NWE,Bradyn Swinson,2025
5,147,SFO,Jordan James,2025
5,148,LAR,Ty Hamilton,2025
5,149,DAL,Jaydon Blue,2025
5,150,MIA,Jason Marshall,2025
5,151,IND,DJ Giddens,2025
5,152,DAL,Shemar James,2025
5,153,CIN,Jalen Rivers,2025
5,154,NYG,Marcus Mbow,2025
5,155,MIA,Dante Trader,2025
5,156,KAN,Jeffrey Bassa,2025
5,157,TAM,Elijah Roberts,2025
5,158,LAC,KeAndre Lambert-Smith,2025
5,159,GNB,Collin Oliver,2025
5,160,SFO,Marques Sigle,2025
5,161,PHI,Smael Mondon,2025
5,162,NYJ,Francisco Mauigoa,2025
5,163,CAR,Mitchell Evans,2025
5,164,PIT,Yahya Black,2025
5,165,LAC,Oronde Gadsden,2025
5,166,SEA,Tory Horton,2025
5,167,TEN,Jackson Slater,2025
5,168,PHI,Drew Kendall,2025
5,169,CHI,Zah Frazier,2025
5,170,BUF,Jordan Hancock,2025
5,171,DET,Miles Frazier,2025
5,172,LAR,Chris Paul,2025
5,173,BUF,Jackson Hawes,2025
5,174,ARI,Denzel Burke,2025
5,175,SEA,Robbie Ouzts,2025
5,176,NYJ,Tyler Baron,2025
Rnd,Pick,Tm,Player,2025
6,177,BUF,Dorian Strong,2025
6,178,BAL,Bilhal Kone,2025
6,179,MIA,Ollie Gordon,2025
6,180,LVR,JJ Pegues,2025
6,181,PHI,Kyle McCord,2025
6,182,NWE,Andres Borregales,2025
6,183,TEN,Marcus Harris,2025
6,184,NOR,Devin Neal,2025
6,185,PIT,Will Howard,2025
6,186,BAL,Tyler Loop,2025
6,187,HOU,Jaylen Reed,2025
6,188,TEN,Kalel Mullings,2025
6,189,IND,Riley Leonard,2025
6,190,IND,Tim Smith,2025
6,191,PHI,Myles Hinton,2025
6,192,SEA,Bryce Cabeldue,2025
6,193,CIN,Tahj Brooks,2025
6,194,JAX,Jalen McLeod,2025
6,195,CHI,Luke Newman,2025
6,196,DET,Ahmed Hassanein,2025
6,197,HOU,Graham Mertz,2025
6,198,GNB,Warren Brinson,2025
6,199,LAC,Branson Taylor,2025
6,200,JAX,Rayuan Lane,2025
6,201,MIN,Kobe King,2025
6,202,MIN,Gavin Bartholomew,2025
6,203,BAL,LaJohntay Wester,2025
6,204,DAL,Ajani Cornelius,2025
6,205,WAS,Kain Medrano,2025
6,206,BUF,Chase Lundt,2025
6,207,PHI,Cameron Williams,2025
6,208,CAR,Jimmy Horn,2025
6,209,PHI,Antwaun Powell-Ryland,2025
6,210,BAL,Aeneas Peebles,2025
6,211,ARI,Hayden Conner,2025
6,212,BAL,Robert Longerbeam,2025
6,213,LVR,Tommy Mellott,2025
6,214,LAC,R.J. Mickens,2025
6,215,LVR,Cam Miller,2025
6,216,DEN,Jeremy Crawshaw,2025
Rnd,Pick,Tm,Player,2025
7,217,DAL,Jay Toia,2025
7,218,ATL,Jack Nelson,2025
7,219,NYG,Thomas Fidone,2025
7,220,NWE,Marcus Bryant,2025
7,221,JAX,Jonah Monheim,2025
7,222,LVR,Cody Lindenberg,2025
7,223,SEA,Damien Martinez,2025
7,224,HOU,Kyonte Hamilton,2025
7,225,ARI,Kitan Crawford,2025
7,226,PIT,Carson Bruener,2025
7,227,SFO,Kurtis Rourke,2025
7,228,KAN,Brashard Smith,2025
7,229,PIT,Donte Kent,2025
7,230,DET,Dan Jackson,2025
7,231,MIA,Quinn Ewers,2025
7,232,IND,Hunter Wohler,2025
7,233,CHI,Kyle Monangai,2025
7,234,SEA,Mason Richman,2025
7,235,TAM,Tez Johnson,2025
7,236,JAX,LeQuint Allen,2025
7,237,GNB,Micah Robinson,2025
7,238,SEA,Ricky White,2025
7,239,DAL,Phil Mafah,2025
7,240,BUF,Kaden Prather,2025
7,241,DEN,Caleb Lohner,2025
7,242,LAR,Konata Mumpfield,2025
7,243,BAL,Garrett Dellinger,2025
7,244,DET,Dominic Lovett,2025
7,245,WAS,Jacory Croskey-Merritt,2025
7,246,NYG,Korie Black,2025
7,247,DAL,Tommy Akingbesote,2025
7,248,NOR,Moliki Matavao,2025
7,249,SFO,Connor Colby,2025
7,250,GNB,John Williams,2025
7,251,NWE,Julian Ashby,2025
7,252,SFO,Junior Bergen,2025
7,253,MIA,Zeek Biggers,2025
7,254,NOR,Fadil Diggs,2025
7,255,HOU,Luke Lachey,2025
7,256,LAC,Trikweze Bridges,2025
7,257,NWE,Kobee Minor,2025
