Position,Overall,Player,Team (Bye),Avg Pick,High,Low,Std Dev,% Drafted
RB1,1,Saquon Barkley,PHI,1.59,1,8,0.96,100%
WR1,2,Ja'Marr Chase,CIN,2.38,1,6,0.86,100%
RB2,3,Bijan Robinson,ATL,2.93,1,11,1.45,100%
WR2,4,Justin Jefferson,MIN,4.99,1,8,1.07,100%
RB3,5,Jahmyr Gibbs,DET,5.12,1,11,1.85,100%
RB4,6,Derrick Henry,BAL,6.41,1,24,3.44,100%
WR3,7,CeeDee Lamb,DAL,7.11,2,13,1.68,100%
WR4,8,Puka Nacua,LAR,9.06,4,20,2.14,100%
RB5,9,Ashton Jeanty,LV,9.68,1,20,3.18,100%
WR5,10,Nico Collins,HOU,10.12,4,29,2.33,100%
WR6,11,Brian Thomas Jr.,JAC,11.47,5,23,2.43,100%
WR7,12,Malik Nabers,NYG,11.69,1,24,2.98,100%
WR8,13,Amon-Ra St. Brown,DET,11.71,5,20,2.18,100%
WR9,14,A.J. Brown,PHI,15.37,9,31,2.57,100%
RB6,15,Jonathan Taylor,IND,15.81,8,41,3.76,100%
RB7,16,Josh Jacobs,GB,16.96,8,35,3.14,100%
RB8,17,De'Von Achane,MIA,17.63,2,36,3.83,100%
RB9,18,Christian McCaffrey,SF,18.94,7,47,4.2,100%
RB10,19,Bucky Irving,TB,19.56,9,38,3.48,100%
TE1,20,Brock Bowers,LV,19.86,12,44,3.41,100%
WR10,21,Drake London,ATL,21.16,11,34,3.67,100%
WR11,22,Ladd McConkey,LAC,22.31,11,42,3.96,100%
TE2,23,George Kittle,SF,23.4,13,62,5.82,100%
RB11,24,Kyren Williams,LAR,23.6,11,51,4.13,100%
WR12,25,Tee Higgins,CIN,27.79,15,50,4.34,100%
RB12,26,Chase Brown,CIN,28.58,11,53,6.66,100%
QB1,27,Josh Allen,BUF,28.62,3,42,4.4,100%
RB13,28,James Cook,BUF,29.25,15,62,5.25,100%
WR13,29,Mike Evans,TB,31.16,4,59,5.41,100%
RB14,30,Breece Hall,NYJ,31.94,11,57,7.87,100%
QB2,31,Lamar Jackson,BAL,32.17,5,47,4.18,100%
WR14,32,Terry McLaurin,WAS,32.85,18,56,5.68,100%
WR15,33,Tyreek Hill,MIA,32.87,13,61,6.74,100%
WR16,34,Jaxon Smith-Njigba,SEA,35.78,13,60,7.27,100%
RB15,35,Joe Mixon,HOU,36.38,23,65,5.94,100%
QB3,36,Jayden Daniels,WAS,36.93,7,55,4.21,100%
TE3,37,Sam LaPorta,DET,37.44,21,106,10.97,100%
TE4,38,Trey McBride,ARI,38.19,18,480,21.25,99%
WR17,39,Davante Adams,LAR,39.48,20,62,6.59,100%
RB16,40,Kenneth Walker III,SEA,39.69,23,63,6.76,100%
RB17,41,Omarion Hampton,LAC,42.67,23,82,9.0,100%
RB18,42,Chuba Hubbard,CAR,42.83,25,77,6.72,100%
QB4,43,Jalen Hurts,PHI,43.57,10,480,26.0,99%
RB19,44,Alvin Kamara,NO,46.12,24,75,7.25,100%
QB5,45,Joe Burrow,CIN,48.25,9,480,19.42,99%
WR18,46,Garrett Wilson,NYJ,48.28,18,480,19.65,99%
RB20,47,James Conner,ARI,48.71,27,85,7.49,100%
WR19,48,Marvin Harrison Jr.,ARI,51.29,30,480,19.37,99%
RB21,49,David Montgomery,DET,52.21,31,480,19.36,99%
WR20,50,Rashee Rice,KC,52.71,15,480,33.27,99%
RB22,51,TreVeyon Henderson,NE,57.33,35,480,36.41,99%
RB23,52,RJ Harvey,DEN,58.0,38,480,25.63,99%
WR21,53,Zay Flowers,BAL,58.1,21,480,19.68,99%
WR22,54,DJ Moore,CHI,59.12,26,480,31.65,99%
WR23,55,Courtland Sutton,DEN,59.8,25,480,33.19,99%
WR24,56,Travis Hunter,JAC,61.39,20,480,38.28,99%
RB24,57,Aaron Jones Sr.,MIN,61.84,36,480,35.54,99%
RB25,58,Quinshon Judkins,CLE,62.76,41,480,35.92,99%
RB26,59,Tony Pollard,TEN,64.57,39,480,43.09,98%
WR25,60,Tetairoa McMillan,CAR,64.58,30,480,36.95,99%
WR26,61,Xavier Worthy,KC,64.62,37,480,35.61,99%
RB27,62,D'Andre Swift,CHI,64.67,45,480,35.5,99%
QB6,63,Baker Mayfield,TB,65.69,14,480,25.72,99%
WR27,64,Jameson Williams,DET,65.88,29,480,26.38,99%
RB28,65,Isiah Pacheco,KC,66.44,47,480,42.77,98%
RB29,66,Kaleb Johnson,PIT,66.66,47,480,46.21,98%
WR28,67,DK Metcalf,PIT,67.24,16,480,31.38,99%
RB30,68,Brian Robinson Jr.,WAS,68.98,45,480,42.68,98%
QB7,69,Patrick Mahomes II,KC,71.49,15,480,39.55,99%
RB31,70,Tyrone Tracy Jr.,NYG,74.83,48,480,45.1,98%
RB32,71,Najee Harris,LAC,77.3,52,480,45.02,98%
WR29,72,DeVonta Smith,PHI,78.45,43,480,45.01,98%
WR30,73,Jordan Addison,MIN,80.37,49,480,44.84,98%
TE5,74,Mark Andrews,BAL,81.69,20,480,39.31,99%
RB33,75,Tank Bigsby,JAC,82.81,53,480,47.51,98%
WR31,76,Chris Godwin,TB,83.0,44,480,44.9,98%
RB34,77,Jaylen Warren,PIT,83.75,56,480,47.06,98%
WR32,78,George Pickens,DAL,84.69,44,480,44.47,98%
WR33,79,Calvin Ridley,TEN,86.05,49,480,44.14,98%
RB35,80,Rhamondre Stevenson,NE,86.53,65,480,46.62,98%
RB36,81,Cam Skattebo,NYG,87.34,34,480,46.78,98%
QB8,82,Bo Nix,DEN,87.83,21,480,61.95,97%
RB37,83,Jordan Mason,MIN,92.16,65,480,49.25,98%
RB38,84,Travis Etienne Jr.,JAC,92.55,57,480,45.92,98%
QB9,85,Kyler Murray,ARI,94.09,22,480,67.44,97%
WR34,86,Jaylen Waddle,MIA,94.14,59,480,51.37,98%
TE6,87,T.J. Hockenson,MIN,95.99,35,480,55.82,98%
RB39,88,Zach Charbonnet,SEA,96.62,66,480,53.38,98%
WR35,89,Chris Olave,NO,97.12,48,480,60.36,97%
RB40,90,Javonte Williams,DAL,97.92,70,480,48.33,98%
WR36,91,Jerry Jeudy,CLE,101.32,49,480,65.99,97%
WR37,92,Rome Odunze,CHI,106.21,59,480,75.77,96%
WR38,93,Brandon Aiyuk,SF,106.88,50,480,76.29,96%
RB41,94,Tyjae Spears,TEN,107.54,76,480,58.58,97%
WR39,95,Jayden Reed,GB,109.75,61,480,76.53,95%
RB42,96,Rachaad White,TB,114.64,73,480,75.84,95%
TE7,97,Jonnu Smith,MIA,116.46,52,480,59.29,97%
WR40,98,Deebo Samuel Sr.,WAS,117.09,59,480,82.79,95%
RB43,99,Rico Dowdle,CAR,117.1,81,480,75.36,95%
WR41,100,Jauan Jennings,SF,120.98,65,480,89.16,94%
RB44,101,Ray Davis,BUF,124.19,88,480,80.04,95%
WR42,102,Khalil Shakir,BUF,125.1,66,480,88.23,94%
RB45,103,Trey Benson,ARI,125.55,87,480,76.84,95%
WR43,104,Ricky Pearsall,SF,125.65,71,480,90.71,93%
QB10,105,Jared Goff,DET,127.18,17,480,105.36,92%
RB46,106,Tyler Allgeier,ATL,127.67,85,480,85.01,94%
WR44,107,Matthew Golden,GB,135.42,79,480,105.32,91%
RB47,108,Bhayshul Tuten,JAC,137.23,85,480,95.45,92%
DST1,109,Denver Broncos,DEN,143.95,1,480,76.15,95%
RB48,110,Jaylen Wright,MIA,144.16,87,480,101.65,91%
TE8,111,Travis Kelce,KC,144.66,53,480,87.97,93%
TE9,112,David Njoku,CLE,148.56,57,480,86.21,93%
WR45,113,Jakobi Meyers,LV,149.93,81,480,117.36,88%
WR46,114,Stefon Diggs,NE,155.07,60,480,122.45,87%
DST2,115,Philadelphia Eagles,PHI,156.5,53,480,73.14,95%
TE10,116,Tucker Kraft,GB,158.7,55,480,102.53,91%
QB11,117,Justin Herbert,LAC,159.06,26,480,138.62,84%
WR47,118,Jalen McMillan,TB,160.79,85,480,127.61,86%
DST3,119,Pittsburgh Steelers,PIT,161.02,55,480,72.28,95%
RB49,120,Isaac Guerendo,SF,163.26,65,480,118.52,87%
DST4,121,Baltimore Ravens,BAL,164.12,55,480,71.9,95%
RB50,122,Blake Corum,LAR,168.74,91,480,124.54,86%
DST5,123,Kansas City Chiefs,KC,170.28,75,480,76.46,94%
DST6,124,Minnesota Vikings,MIN,170.81,69,480,77.52,94%
K1,125,Brandon Aubrey,DAL,173.8,34,480,88.82,92%
RB51,126,Austin Ekeler,WAS,178.09,91,480,127.57,84%
DST7,127,Detroit Lions,DET,178.98,77,480,85.43,92%
WR48,128,Cooper Kupp,SEA,180.1,80,480,138.98,82%
K2,129,Jake Bates,DET,182.81,39,480,86.48,92%
K3,130,Cameron Dicker,LAC,184.2,59,480,86.04,92%
QB12,131,Justin Fields,NYJ,185.18,58,480,157.67,78%
WR49,132,Darnell Mooney,ATL,185.73,82,480,144.17,80%
K4,133,Chris Boswell,PIT,187.6,75,480,87.79,92%
K5,134,Wil Lutz,DEN,190.85,74,480,88.74,92%
WR50,135,Luther Burden III,CHI,191.78,86,480,150.54,78%
WR51,136,Keon Coleman,BUF,192.98,96,480,148.23,79%
K6,137,Ka'imi Fairbairn,HOU,193.6,60,480,92.6,91%
RB52,138,Jaydon Blue,DAL,194.38,87,480,138.74,81%
K7,139,Evan McPherson,CIN,197.93,68,480,96.34,90%
WR52,140,Emeka Egbuka,TB,200.71,90,480,153.82,76%
RB53,141,Braelon Allen,NYJ,203.5,103,480,141.5,79%
DST8,142,New York Jets,NYJ,203.52,84,480,113.17,85%
DST9,143,Houston Texans,HOU,204.84,78,480,113.49,85%
WR53,144,Josh Downs,IND,206.21,78,480,155.77,75%
RB54,145,Jerome Ford,CLE,208.07,98,480,142.73,78%
TE11,146,Colston Loveland,CHI,209.27,68,480,144.06,78%
WR54,147,Rashid Shaheed,NO,210.24,100,480,156.92,74%
QB13,148,Caleb Williams,CHI,219.5,28,480,159.82,73%
TE12,149,Tyler Warren,IND,225.29,70,480,151.98,73%
TE13,150,Evan Engram,DEN,229.08,63,480,152.5,73%
K8,151,Chase McLaughlin,TB,230.12,88,480,123.08,81%
RB55,152,J.K. Dobbins,,237.46,81,480,156.01,70%
DST10,153,Buffalo Bills,BUF,243.89,80,480,138.73,74%
WR55,154,Michael Pittman Jr.,IND,244.53,74,480,166.28,66%
WR56,155,Christian Kirk,HOU,244.62,98,480,167.42,66%
RB56,156,Audric Estime,DEN,254.48,114,480,159.21,66%
RB57,157,Dylan Sampson,CLE,255.9,109,480,161.38,65%
QB14,158,Brock Purdy,SF,256.64,24,480,170.24,63%
K9,159,Justin Tucker,,259.79,60,480,144.07,70%
RB58,160,Jaleel McLaughlin,DEN,264.5,91,480,164.11,63%
RB59,161,MarShawn Lloyd,GB,271.24,114,480,164.12,61%
WR57,162,Rashod Bateman,BAL,274.78,96,480,171.85,58%
K10,163,Harrison Butker,KC,281.24,89,480,145.92,65%
DST11,164,Los Angeles Chargers,LAC,285.86,112,480,151.78,62%
RB60,165,Roschon Johnson,CHI,287.12,115,480,164.4,58%
TE14,166,Dalton Kincaid,BUF,289.66,95,480,166.49,56%
WR58,167,Tre Harris,LAC,296.26,101,480,175.41,52%
RB61,168,Kareem Hunt,KC,297.42,104,480,165.11,55%
K11,169,Jason Sanders,MIA,307.73,110,480,150.42,57%
TE15,170,Dallas Goedert,PHI,314.06,112,480,165.64,50%
WR59,171,Marvin Mims Jr.,DEN,314.63,116,480,170.55,48%
RB62,172,Devin Neal,NO,319.7,94,480,163.64,49%
RB63,173,Kendre Miller,NO,320.98,117,480,163.41,48%
QB15,174,Dak Prescott,DAL,322.33,32,480,175.13,45%
QB16,175,Jordan Love,GB,324.58,27,480,170.95,45%
WR60,176,Keenan Allen,,327.56,113,480,171.13,44%
WR61,177,Quentin Johnston,LAC,341.47,114,480,167.36,40%
WR62,178,Marquise Brown,KC,348.2,94,480,165.55,38%
K12,179,Jake Elliott,PHI,349.7,120,480,149.29,43%
WR63,180,Romeo Doubs,GB,352.12,112,480,163.48,38%
WR64,181,Jack Bech,LV,353.11,111,480,165.81,37%
QB17,182,Drake Maye,NE,354.94,36,480,168.55,35%
WR65,183,Jayden Higgins,HOU,357.92,108,480,163.62,35%
TE16,184,Kyle Pitts,ATL,371.41,105,480,153.97,33%
RB64,185,Nick Chubb,,373.08,103,480,153.36,32%
RB65,186,DJ Giddens,IND,380.55,136,480,146.99,31%
WR66,187,Amari Cooper,,381.36,114,480,152.35,29%
WR67,188,DeAndre Hopkins,BAL,383.74,123,480,151.83,28%
DST12,189,Los Angeles Rams,LAR,401.35,73,480,139.99,24%
QB18,190,C.J. Stroud,HOU,404.38,30,480,139.64,22%
WR68,191,Cedric Tillman,CLE,404.64,122,480,138.14,23%
WR69,192,Kyle Williams,NE,405.02,130,480,140.05,22%
DST13,193,Miami Dolphins,MIA,405.16,106,480,137.44,23%
K13,194,Daniel Carlson,LV,408.66,114,480,131.53,23%
TE17,195,Jake Ferguson,DAL,409.37,111,480,134.8,21%
RB66,196,Ollie Gordon II,MIA,413.31,145,480,127.66,21%
K14,197,Matt Prater,,415.12,115,480,126.46,21%
QB19,198,Trevor Lawrence,JAC,416.45,50,480,130.72,19%
DST14,199,Seattle Seahawks,SEA,418.9,135,480,120.89,20%
DST15,200,Green Bay Packers,GB,424.17,105,480,117.28,18%
WR70,201,Adam Thielen,CAR,430.31,120,480,116.77,15%
K15,202,Tyler Bass,BUF,431.61,130,480,108.37,16%
TE18,203,Hunter Henry,NE,432.02,113,480,115.18,14%
TE19,204,Isaiah Likely,BAL,435.61,126,480,110.11,14%
RB67,205,Kyle Monangai,CHI,437.2,93,480,112.87,12%
RB68,206,Elijah Mitchell,KC,437.47,151,480,106.12,13%
RB69,207,Jarquez Hunter,LAR,437.82,113,480,108.59,13%
RB70,208,Justice Hill,BAL,443.15,140,480,100.0,12%
RB71,209,Kenneth Gainwell,PIT,445.26,147,480,96.54,11%
QB20,210,J.J. McCarthy,MIN,445.65,38,480,100.17,10%
WR71,211,Alec Pierce,IND,445.71,132,480,97.76,10%
RB72,212,Antonio Gibson,NE,449.14,147,480,91.12,10%
RB73,213,Woody Marks,HOU,451.56,133,480,90.9,8%
QB21,214,Bryce Young,CAR,452.25,60,480,89.08,8%
TE20,215,Pat Freiermuth,PIT,453.32,132,480,87.12,8%
TE21,216,Zach Ertz,WAS,454.06,138,480,85.65,8%
QB22,217,Anthony Richardson Sr.,IND,455.17,68,480,87.01,7%
WR72,218,Dontayvion Wicks,GB,456.9,112,480,81.75,7%
WR73,219,Diontae Johnson,CLE,458.23,114,480,81.25,6%
K16,220,Matt Gay,WAS,458.39,120,480,77.78,7%
WR74,221,Jalen Coker,CAR,458.49,135,480,79.03,6%
RB74,222,Devin Singletary,NYG,458.51,150,480,76.96,7%
DST16,223,Cleveland Browns,CLE,459.81,127,480,75.46,6%
WR75,224,Jaylin Noel,HOU,460.36,121,480,76.2,6%
WR76,225,Elic Ayomanor,TEN,460.77,134,480,75.77,6%
RB75,226,Jordan James,SF,461.52,153,480,71.71,6%
TE22,227,Terrance Ferguson,LAR,462.24,102,480,73.72,5%
WR77,228,Joshua Palmer,BUF,463.58,139,480,68.84,5%
QB23,229,Matthew Stafford,LAR,464.03,40,480,68.46,5%
QB24,230,Cameron Ward,TEN,464.4,66,480,70.45,4%
WR78,231,Isaiah Bond,,465.51,125,480,65.13,4%
WR79,232,Xavier Legette,CAR,466.44,152,480,62.11,4%
RB76,233,Raheem Mostert,LV,466.83,137,480,61.79,4%
DST17,234,New York Giants,NYG,466.89,130,480,61.66,4%
DST18,235,San Francisco 49ers,SF,467.35,131,480,60.72,4%
QB25,236,Tua Tagovailoa,MIA,467.45,59,480,61.57,4%
RB77,237,Sean Tucker,TB,468.35,134,480,59.7,3%
WR80,238,Wan'Dale Robinson,NYG,468.43,153,480,57.69,3%
RB78,239,Sincere McCormick,LV,468.99,144,480,56.31,3%
K17,240,Younghoe Koo,ATL,469.7,174,480,51.47,4%
RB79,241,Damien Martinez,SEA,469.82,174,480,52.01,3%
RB80,242,Gus Edwards,,470.71,158,480,51.21,3%
RB81,243,Miles Sanders,DAL,470.81,157,480,50.76,3%
RB82,244,Keaton Mitchell,BAL,471.08,175,480,49.05,3%
RB83,245,Brashard Smith,KC,471.22,139,480,49.98,3%
K18,246,Tyler Loop,BAL,471.35,139,480,49.25,3%
K19,247,Will Reichard,MIN,471.75,149,480,49.44,2%
TE23,248,Tyler Higbee,LAR,472.08,149,480,48.05,2%
QB26,249,Michael Penix Jr.,ATL,472.28,37,480,48.58,2%
TE24,250,Mike Gesicki,CIN,472.35,141,480,47.74,2%
RB84,251,Trevor Etienne,CAR,472.96,116,480,43.94,2%
RB85,252,Will Shipley,PHI,473.3,156,480,43.15,2%
WR81,253,Pat Bryant,DEN,473.47,161,480,42.21,2%
DST19,254,Dallas Cowboys,DAL,473.61,71,480,41.78,2%
RB86,255,Kimani Vidal,LAC,473.85,158,480,41.34,2%
TE25,256,Brenton Strange,JAC,473.89,129,480,42.66,2%
TE26,257,Cade Otton,TB,474.11,149,480,41.16,2%
WR82,258,Calvin Austin III,PIT,474.27,162,480,40.07,2%
WR83,259,Adonai Mitchell,IND,474.68,165,480,38.76,1%
WR84,260,Michael Wilson,ARI,474.7,158,480,38.58,1%
WR85,261,DeMario Douglas,NE,474.74,155,480,38.38,1%
WR86,262,Andrei Iosivas,CIN,475.16,174,480,37.01,1%
WR87,263,Jalen Tolbert,DAL,475.68,167,480,34.85,1%
QB27,264,Geno Smith,LV,475.85,67,480,36.04,1%
WR88,265,Tank Dell,HOU,475.88,154,480,35.45,1%
RB87,266,Khalil Herbert,IND,476.04,213,480,31.91,1%
QB28,267,Sam Darnold,SEA,476.05,56,480,34.67,1%
TE27,268,Cole Kmet,CHI,476.07,179,480,31.74,1%
TE28,269,Mason Taylor,NYJ,476.2,168,480,32.6,1%
RB88,270,Cam Akers,,476.22,166,480,32.62,1%
DST20,271,Tampa Bay Buccaneers,TB,476.4,169,480,31.17,1%
WR89,272,Kyle Williams,,476.42,148,480,31.16,1%
TE29,273,Elijah Arroyo,SEA,476.75,155,480,29.99,1%
WR90,274,Xavier Restrepo,TEN,476.75,183,480,29.73,1%
WR91,275,Darius Slayton,NYG,476.8,193,480,29.29,1%
WR92,276,Jalen Royals,KC,476.82,181,480,29.18,1%
WR93,277,Dyami Brown,JAC,477.07,150,480,29.09,1%
WR94,278,Devaughn Vele,DEN,477.45,151,480,27.66,0%
RB89,279,Isaiah Davis,NYJ,477.46,165,480,25.48,1%
RB90,280,Emari Demercado,ARI,477.58,201,480,24.39,1%
WR95,281,Kayshon Boutte,NE,477.76,202,480,24.31,0%
WR96,282,Brandin Cooks,NO,477.83,205,480,23.54,0%
WR97,283,KaVontae Turpin,DAL,477.85,190,480,23.62,0%
DST21,284,New England Patriots,NE,477.91,164,480,23.24,0%
RB91,285,Tahj Brooks,CIN,477.96,224,480,22.13,0%
RB92,286,Dameon Pierce,HOU,477.99,225,480,21.8,0%
RB93,287,Michael Carter,ARI,478.0,202,480,22.24,0%
RB94,288,Ty Johnson,BUF,478.0,229,480,21.74,0%
RB95,289,Tyler Badie,DEN,478.01,203,480,22.11,0%
RB96,290,Zack Moss,CIN,478.01,220,480,21.67,0%
RB97,291,Kenny McIntosh,SEA,478.02,204,480,21.99,0%
K20,292,Joshua Karty,LAR,478.11,208,480,20.39,1%
TE30,293,Dalton Schultz,HOU,478.21,191,480,21.92,0%
WR98,294,Savion Williams,GB,478.22,175,480,22.02,0%
RB98,295,LeQuint Allen Jr.,JAC,478.4,215,480,19.75,0%
TE31,296,Harold Fannin Jr.,CLE,478.42,219,480,19.2,0%
RB99,297,Alexander Mattison,MIA,478.45,226,480,18.9,0%
QB29,298,Russell Wilson,NYG,478.47,72,480,22.2,0%
RB100,299,Craig Reynolds,DET,478.47,205,480,19.17,0%
TE32,300,Chig Okonkwo,TEN,478.62,144,480,19.68,0%
WR99,301,Tim Patrick,DET,478.74,203,480,17.77,0%
WR100,302,Nick Westbrook-Ikhine,MIA,478.74,212,480,17.63,0%
WR101,303,Roman Wilson,PIT,478.76,222,480,17.47,0%
WR102,304,Tez Johnson,TB,478.8,228,480,16.87,0%
WR103,305,Gabe Davis,,478.8,223,480,16.88,0%
WR104,306,Demarcus Robinson,SF,478.81,216,480,16.93,0%
DST22,307,Indianapolis Colts,IND,478.88,172,480,16.9,0%
TE33,308,Ja'Tavion Sanders,CAR,478.88,230,480,15.9,0%
RB101,309,Ty Chandler,MIN,478.89,234,480,15.62,0%
RB102,310,Chris Brooks,GB,478.9,245,480,15.41,0%
RB103,311,Raheim Sanders,LAC,478.91,231,480,15.38,0%
RB104,312,Corey Kiner,SF,478.94,207,480,15.5,0%
RB105,313,Chris Rodriguez Jr.,WAS,478.95,247,480,14.83,0%
RB106,314,Emanuel Wilson,GB,478.96,250,480,14.58,0%
K21,315,Jason Myers,SEA,479.14,160,480,15.1,0%
WR105,316,Tyler Lockett,TEN,479.16,221,480,14.4,0%
DST23,317,Arizona Cardinals,ARI,479.19,150,480,14.87,0%
QB30,318,Aaron Rodgers,,479.2,127,480,15.33,0%
TE34,319,Oronde Gadsden II,LAC,479.21,179,480,14.07,0%
WR106,320,Mike Williams,LAC,479.22,246,480,13.34,0%
TE35,321,Juwan Johnson,NO,479.23,202,480,13.52,0%
QB31,322,Joe Flacco,CLE,479.23,145,480,14.6,0%
WR107,323,Samson Nacua,,479.24,29,480,18.55,0%
RB107,324,Jacory Croskey-Merritt,WAS,479.26,236,480,12.74,0%
QB32,325,Daniel Jones,IND,479.27,141,480,14.43,0%
RB108,326,Donovan Edwards,NYJ,479.27,246,480,12.55,0%
DST24,327,Chicago Bears,CHI,479.28,225,480,12.64,0%
RB109,328,Phil Mafah,DAL,479.28,232,480,12.55,0%
QB33,329,Jaxson Dart,NYG,479.29,240,480,12.38,0%
RB110,330,Samaje Perine,CIN,479.29,249,480,12.29,0%
K22,331,Eddy Pineiro,,479.29,254,480,11.94,0%
WR108,332,Troy Franklin,DEN,479.29,229,480,12.44,0%
QB34,333,Mason Rudolph,PIT,479.29,144,480,14.21,0%
RB111,334,Zamir White,LV,479.3,251,480,12.07,0%
QB35,335,Shedeur Sanders,CLE,479.33,171,480,13.19,0%
DST25,336,Washington Commanders,WAS,479.34,224,480,11.92,0%
WR109,337,Allen Lazard,NYJ,479.34,213,480,12.07,0%
DST26,338,Atlanta Falcons,ATL,479.35,237,480,11.59,0%
QB36,339,Tyler Shough,NO,479.35,188,480,12.6,0%
DST27,340,Cincinnati Bengals,CIN,479.36,235,480,11.48,0%
TE36,341,Theo Johnson,NYG,479.39,211,480,11.65,0%
RB112,342,Cordarrelle Patterson,PIT,479.4,255,480,10.66,0%
RB113,343,Pierre Strong Jr.,CLE,479.41,258,480,10.51,0%
RB114,344,Deuce Vaughn,DAL,479.41,259,480,10.46,0%
TE37,345,Taysom Hill,NO,479.42,249,480,10.57,0%
RB115,346,Chris Evans,,479.42,140,480,13.99,0%
RB116,347,Dylan Laube,LV,479.42,263,480,10.25,0%
RB117,348,Jase McClellan,ATL,479.43,265,480,10.14,0%
RB118,349,Julius Chestnut,TEN,479.44,266,480,10.06,0%
QB37,350,Kirk Cousins,ATL,479.45,223,480,10.96,0%
RB119,351,Jamaal Williams,,479.45,268,480,9.93,0%
WR110,352,Brennan Eagles,,479.46,233,480,10.61,0%
QB38,353,Kenny Pickett,CLE,479.48,214,480,11.08,0%
K23,354,Cam Little,JAC,479.48,179,480,12.39,0%
RB120,355,Darrell Henderson Jr.,,479.48,173,480,12.63,0%
QB39,356,Spencer Rattler,NO,479.52,240,480,10.03,0%
WR111,357,Malik Washington,MIA,479.59,240,480,9.87,0%
WR112,358,Elijah Moore,BUF,479.62,257,480,9.17,0%
WR113,359,Christian Watson,GB,479.63,261,480,9.01,0%
WR114,360,Jermaine Burton,CIN,479.63,262,480,8.97,0%
WR115,361,Parker Washington,JAC,479.63,263,480,8.93,0%
WR116,362,Jordan Whittington,LAR,479.65,271,480,8.6,0%
WR117,363,Tre Tucker,LV,479.65,273,480,8.51,0%
WR118,364,Tory Horton,SEA,479.65,276,480,8.39,0%
WR119,365,Jalen Nailor,MIN,479.66,278,480,8.31,0%
WR120,366,Tai Felton,MIN,479.67,287,480,7.94,0%
WR121,367,Antwane Wells Jr.,NYG,479.68,293,480,7.69,0%
WR122,368,John Metchie III,HOU,479.69,295,480,7.61,0%
WR123,369,Isaac TeSlaa,DET,479.69,297,480,7.53,0%
WR124,370,Luke McCaffrey,WAS,479.69,299,480,7.45,0%
WR125,371,Theo Wease Jr.,MIA,479.7,301,480,7.36,0%
RB121,372,Jonathon Brooks,CAR,479.71,306,480,7.16,0%
RB122,373,Israel Abanikanda,SF,479.72,312,480,6.91,0%
RB123,374,Jeremy McNichols,WAS,479.72,313,480,6.87,0%
WR126,375,Ray-Ray McCloud III,ATL,479.72,314,480,6.83,0%
RB124,376,Ameer Abdullah,,479.73,318,480,6.66,0%
RB125,377,Trey Sermon,PIT,479.73,319,480,6.62,0%
RB126,378,Ja'Quinden Jackson,JAC,479.73,320,480,6.58,0%
WR127,379,Tutu Atwell,LAR,479.73,321,480,6.54,0%
WR128,380,Marquez Valdes-Scantling,SEA,479.73,322,480,6.5,0%
WR129,381,Mack Hollins,NE,479.73,323,480,6.46,0%
RB127,382,Chris Tyree,NO,479.74,324,480,6.42,0%
RB128,383,A.J. Dillon,PHI,479.74,325,480,6.38,0%
WR130,384,Devontez Walker,BAL,479.74,327,480,6.29,0%
RB129,385,Tyler Goodson,IND,479.74,328,480,6.25,0%
RB130,386,D'Ernest Johnson,,479.74,329,480,6.21,0%
RB131,387,Kalel Mullings,TEN,479.75,330,480,6.17,0%
RB132,388,Clyde Edwards-Helaire,NO,479.75,333,480,6.05,0%
RB133,389,Marcus Yarns,NO,479.75,334,480,6.01,0%
WR131,390,Noah Brown,WAS,479.75,335,480,5.96,0%
RB134,391,Ezekiel Elliott,,479.76,336,480,5.92,0%
WR132,392,Dont'e Thornton Jr.,LV,479.76,338,480,5.84,0%
WR133,393,Curtis Samuel,BUF,479.76,339,480,5.8,0%
WR134,394,Jaylin Lane,WAS,479.76,341,480,5.72,0%
WR135,395,Javon Baker,NE,479.77,345,480,5.55,0%
DST28,396,New Orleans Saints,NO,479.78,348,480,5.43,0%
WR136,397,KeAndre Lambert-Smith,LAC,479.78,352,480,5.27,0%
WR137,398,Jalin Hyatt,NYG,479.79,355,480,5.14,0%
WR138,399,Jacob Cowing,SF,479.79,356,480,5.1,0%
WR139,400,Malachi Corley,NYJ,479.8,363,480,4.81,0%
WR140,401,Josh Reynolds,NYJ,479.81,365,480,4.73,0%
RB135,402,Blake Watson,DEN,479.81,366,480,4.69,0%
RB136,403,Eric Gray,NYG,479.81,368,480,4.61,0%
WR141,404,Ja'Lynn Polk,NE,479.81,369,480,4.57,0%
RB137,405,Hassan Haskins,LAC,479.81,370,480,4.52,0%
WR142,406,Greg Dortch,ARI,479.82,371,480,4.48,0%
RB138,407,Jordan Mims,,479.82,372,480,4.44,0%
RB139,408,Carson Steele,KC,479.82,373,480,4.4,0%
TE38,409,Noah Gray,KC,479.82,374,480,4.36,0%
WR143,410,Olamide Zaccheaus,CHI,479.82,375,480,4.32,0%
RB140,411,Malik Davis,,479.83,377,480,4.24,0%
TE39,412,Tyler Conklin,LAC,479.83,378,480,4.2,0%
RB141,413,Dare Ogunbowale,HOU,479.83,379,480,4.15,0%
TE40,414,Noah Fant,SEA,479.83,380,480,4.11,0%
RB142,415,Keilan Robinson,JAC,479.83,381,480,4.07,0%
RB143,416,Cody Schrader,LAR,479.83,382,480,4.03,0%
RB144,417,Rasheen Ali,BAL,479.84,383,480,3.99,0%
RB145,418,Jeff Wilson Jr.,,479.84,384,480,3.95,0%
RB146,419,Chase Edmonds,,479.84,385,480,3.91,0%
RB147,420,D'Onta Foreman,,479.84,386,480,3.87,0%
RB148,421,JaMycal Hasty,,479.84,388,480,3.78,0%
QB40,422,Jameis Winston,NYG,479.85,390,480,3.7,0%
TE41,423,Dawson Knox,BUF,479.85,392,480,3.62,0%
TE42,424,Will Dissly,LAC,479.85,393,480,3.58,0%
QB41,425,Jalen Milroe,SEA,479.86,395,480,3.5,0%
TE43,426,Gunnar Helm,TEN,479.86,396,480,3.46,0%
TE44,427,Ben Sinnott,WAS,479.86,397,480,3.41,0%
WR144,428,Jonathan Mingo,DAL,479.86,398,480,3.37,0%
WR145,429,Chimere Dike,TEN,479.86,400,480,3.29,0%
TE45,430,Foster Moreau,NO,479.87,401,480,3.25,0%
QB42,431,Will Levis,TEN,479.87,402,480,3.21,0%
WR146,432,Van Jefferson,TEN,479.87,403,480,3.17,0%
TE46,433,Luke Musgrave,GB,479.87,404,480,3.13,0%
TE47,434,Michael Mayer,LV,479.87,406,480,3.04,0%
WR147,435,Julian Fleming,GB,479.88,407,480,3.0,0%
WR148,436,Jordan Watkins,SF,479.88,408,480,2.96,0%
WR149,437,JuJu Smith-Schuster,KC,479.88,410,480,2.88,0%
WR150,438,Kendrick Bourne,NE,479.88,411,480,2.84,0%
WR151,439,Zay Jones,ARI,479.88,412,480,2.8,0%
WR152,440,Nick Nash,ATL,479.89,413,480,2.76,0%
WR153,441,Jahan Dotson,PHI,479.89,414,480,2.71,0%
WR154,442,Arian Smith,NYJ,479.89,415,480,2.67,0%
WR155,443,Ricky White III,SEA,479.89,416,480,2.63,0%
TE48,444,Hunter Long,JAC,479.89,417,480,2.59,0%
WR156,445,Ja'Corey Brooks,WAS,479.9,418,480,2.55,0%
TE49,446,Mitchell Evans,CAR,479.9,419,480,2.51,0%
WR157,447,Treylon Burks,TEN,479.9,420,480,2.47,0%
WR158,448,Jake Bobo,SEA,479.9,421,480,2.43,0%
TE50,449,Luke Lachey,HOU,479.9,422,480,2.39,0%
WR159,450,Tyler Boyd,,479.9,423,480,2.34,0%
WR160,451,Johnny Wilson,PHI,479.91,424,480,2.3,0%
WR161,452,Kaden Prather,BUF,479.91,425,480,2.26,0%
TE51,453,Austin Hooper,NE,479.91,426,480,2.22,0%
WR162,454,Tyler Johnson,NYJ,479.91,427,480,2.18,0%
QB43,455,Aidan O'Connell,LV,479.91,428,480,2.14,0%
WR163,456,Nelson Agholor,,479.91,429,480,2.1,0%
WR164,457,Michael Gallup,WAS,479.92,430,480,2.06,0%
TE52,458,AJ Barner,SEA,479.92,431,480,2.02,0%
QB44,459,Dillon Gabriel,CLE,479.92,432,480,1.97,0%
WR165,460,Kalif Raymond,DET,479.92,433,480,1.93,0%
WR166,461,DJ Chark Jr.,,479.92,434,480,1.89,0%
QB45,462,Will Howard,PIT,479.92,435,480,1.85,0%
WR167,463,Hunter Renfrow,CAR,479.93,438,480,1.73,0%
WR168,464,Bub Means,NO,479.93,439,480,1.69,0%
QB46,465,Marcus Mariota,WAS,479.93,440,480,1.65,0%
WR169,466,Mecole Hardman Jr.,GB,479.93,441,480,1.6,0%
QB47,467,Deshaun Watson,CLE,479.94,443,480,1.52,0%
WR170,468,Bru McCoy,,479.94,447,480,1.36,0%
QB48,469,Joe Milton III,DAL,479.95,448,480,1.32,0%
DST29,470,Las Vegas Raiders,LV,479.95,451,480,1.19,0%
DST30,471,Jacksonville Jaguars,JAC,479.95,452,480,1.15,0%
DST31,472,Tennessee Titans,TEN,479.95,453,480,1.11,0%
DST32,473,Carolina Panthers,CAR,479.96,455,480,1.03,0%
WR171,474,Xavier Gipson,NYJ,479.96,459,480,0.86,0%
K24,475,Blake Grupe,NO,479.98,466,480,0.58,0%
K25,476,Jake Moody,SF,479.98,471,480,0.37,0%
K26,477,Cairo Santos,CHI,479.99,474,480,0.25,0%
K27,478,Graham Gano,NYG,479.99,475,480,0.21,0%
K28,479,Brandon McManus,GB,479.99,476,480,0.16,0%
K29,480,Nick Folk,,479.99,477,480,0.12,0%
K30,481,Dustin Hopkins,CLE,480.0,478,480,0.08,0%
K31,482,Chad Ryland,ARI,480.0,479,480,0.04,0%
K32,483,Greg Zuerlein,NYJ,480.0,480,480,0.0,0%
